hEven,pTran
123000,1990.0
123000,1990.0
122959,1990.0
122959,1990.0
122959,1990.0
122958,1990.0
122956,1991.0
122956,1990.0
122956,1990.0
122956,1989.0
122956,1989.0
122956,1988.0
122956,1988.0
122956,1988.0
122955,1990.0
122955,1991.0
122955,1991.0
122955,1990.0
122955,1990.0
122955,1991.0
122954,1991.0
122954,1991.0
122950,1990.0
122950,1990.0
122950,1991.0
122949,1990.0
122949,1989.0
122949,1989.0
122949,1988.0
122949,1988.0
122949,1988.0
122949,1988.0
122949,1988.0
122949,1988.0
122949,1988.0
122949,1988.0
122949,1988.0
122949,1988.0
122949,1988.0
122949,1988.0
122948,1989.0
122948,1989.0
122948,1989.0
122948,1989.0
122948,1989.0
122948,1989.0
122948,1990.0
122948,1989.0
122948,1989.0
122948,1989.0
122948,1989.0
122948,1989.0
122948,1989.0
122948,1989.0
122947,1990.0
122947,1990.0
122947,1989.0
122947,1989.0
122947,1989.0
122947,1990.0
122946,1991.0
122945,1990.0
122945,1990.0
122945,1990.0
122945,1990.0
122945,1990.0
122944,1991.0
122943,1990.0
122943,1990.0
122943,1990.0
122943,1990.0
122943,1991.0
122942,1990.0
122941,1990.0
122941,1990.0
122941,1990.0
122939,1990.0
122939,1990.0
122938,1990.0
122938,1990.0
122937,1990.0
122937,1990.0
122937,1990.0
122937,1990.0
122937,1989.0
122935,1990.0
122935,1990.0
122934,1990.0
122933,1989.0
122933,1990.0
122933,1990.0
122933,1990.0
122932,1989.0
122931,1990.0
122931,1990.0
122931,1990.0
122931,1990.0
122931,1990.0
122929,1990.0
122929,1989.0
122929,1989.0
122927,1989.0
122927,1989.0
122927,1989.0
122926,1990.0
122924,1989.0
122923,1990.0
122923,1990.0
122922,1989.0
122922,1989.0
122920,1990.0
122920,1990.0
122920,1990.0
122919,1989.0
122919,1990.0
122918,1990.0
122917,1990.0
122917,1990.0
122917,1990.0
122917,1990.0
122915,1990.0
122915,1990.0
122913,1990.0
122913,1990.0
122913,1990.0
122913,1990.0
122913,1990.0
122913,1990.0
122912,1990.0
122911,1989.0
122909,1990.0
122908,1989.0
122905,1990.0
122904,1989.0
122904,1989.0
122904,1990.0
122902,1990.0
122902,1990.0
122902,1989.0
122902,1989.0
122902,1989.0
122902,1989.0
122902,1989.0
122902,1989.0
122902,1989.0
122902,1990.0
122902,1990.0
122902,1990.0
122858,1990.0
122858,1990.0
122858,1990.0
122858,1990.0
122858,1990.0
122858,1990.0
122858,1990.0
122856,1989.0
122856,1989.0
122856,1989.0
122855,1989.0
122855,1989.0
122853,1990.0
122851,1990.0
122850,1989.0
122850,1989.0
122850,1989.0
122850,1989.0
122850,1989.0
122850,1989.0
122850,1989.0
122848,1990.0
122844,1990.0
122844,1990.0
122844,1991.0
122844,1991.0
122844,1991.0
122844,1991.0
122842,1991.0
122840,1990.0
122840,1990.0
122840,1990.0
122840,1989.0
122840,1989.0
122840,1989.0
122840,1989.0
122835,1990.0
122835,1990.0
122835,1989.0
122834,1990.0
122833,1990.0
122833,1990.0
122833,1990.0
122833,1990.0
122832,1989.0
122827,1990.0
122827,1990.0
122827,1990.0
122827,1990.0
122827,1990.0
122825,1990.0
122824,1991.0
122824,1991.0
122824,1991.0
122823,1990.0
122823,1990.0
122822,1990.0
122822,1990.0
122822,1990.0
122820,1990.0
122820,1990.0
122819,1990.0
122819,1989.0
122817,1989.0
122815,1990.0
122814,1990.0
122814,1989.0
122814,1989.0
122812,1990.0
122812,1990.0
122811,1990.0
122806,1990.0
122806,1989.0
122804,1989.0
122804,1989.0
122803,1990.0
122802,1990.0
122802,1990.0
122802,1990.0
122801,1990.0
122801,1990.0
122801,1989.0
122758,1990.0
122758,1989.0
122758,1989.0
122755,1989.0
122754,1990.0
122752,1990.0
122752,1989.0
122751,1989.0
122750,1989.0
122750,1989.0
122750,1990.0
122750,1990.0
122749,1989.0
122749,1989.0
122745,1989.0
122745,1989.0
122743,1990.0
122740,1989.0
122739,1990.0
122739,1989.0
122738,1989.0
122738,1989.0
122738,1990.0
122738,1990.0
122732,1989.0
122732,1989.0
122732,1990.0
122732,1990.0
122731,1990.0
122731,1990.0
122731,1989.0
122730,1989.0
122730,1990.0
122730,1990.0
122730,1990.0
122730,1990.0
122730,1990.0
122730,1990.0
122730,1989.0
122730,1989.0
122730,1990.0
122729,1990.0
122729,1989.0
122729,1989.0
122728,1989.0
122728,1989.0
122723,1989.0
122723,1989.0
122720,1990.0
122714,1990.0
122714,1990.0
122714,1990.0
122713,1990.0
122713,1989.0
122712,1990.0
122712,1990.0
122711,1990.0
122711,1990.0
122708,1989.0
122706,1989.0
122704,1990.0
122704,1990.0
122704,1990.0
122703,1990.0
122702,1989.0
122701,1990.0
122700,1990.0
122652,1990.0
122650,1990.0
122649,1989.0
122648,1990.0
122648,1990.0
122648,1989.0
122645,1990.0
122642,1990.0
122641,1990.0
122641,1990.0
122641,1990.0
122637,1990.0
122635,1990.0
122635,1990.0
122635,1990.0
122632,1990.0
122630,1990.0
122629,1990.0
122629,1990.0
122629,1990.0
122629,1990.0
122627,1990.0
122627,1989.0
122625,1990.0
122619,1989.0
122618,1990.0
122613,1990.0
122613,1990.0
122612,1990.0
122608,1990.0
122604,1989.0
122604,1989.0
122604,1989.0
122604,1989.0
122604,1989.0
122603,1990.0
122603,1990.0
122601,1989.0
122559,1989.0
122553,1989.0
122551,1989.0
122551,1990.0
122543,1990.0
122541,1989.0
122539,1989.0
122537,1989.0
122537,1990.0
122536,1990.0
122534,1990.0
122532,1989.0
122532,1989.0
122524,1990.0
122520,1990.0
122519,1990.0
122517,1990.0
122513,1989.0
122512,1990.0
122506,1989.0
122505,1990.0
122503,1990.0
122503,1990.0
122503,1990.0
122503,1990.0
122501,1990.0
122457,1990.0
122457,1990.0
122452,1990.0
122451,1990.0
122450,1990.0
122450,1989.0
122447,1989.0
122447,1989.0
122445,1990.0
122444,1990.0
122444,1990.0
122444,1989.0
122442,1990.0
122437,1990.0
122437,1990.0
122436,1989.0
122430,1990.0
122428,1990.0
122427,1989.0
122427,1990.0
122425,1990.0
122425,1989.0
122424,1990.0
122421,1990.0
122420,1990.0
122420,1990.0
122416,1990.0
122416,1990.0
122416,1989.0
122409,1990.0
122404,1989.0
122402,1989.0
122348,1990.0
122346,1989.0
122346,1988.0
122346,1988.0
122338,1988.0
122338,1988.0
122338,1988.0
122338,1988.0
122337,1988.0
122337,1990.0
122331,1989.0
122326,1988.0
122325,1988.0
122323,1988.0
122321,1988.0
122318,1989.0
122315,1988.0
122313,1988.0
122313,1988.0
122308,1987.0
122304,1988.0
122304,1988.0
122303,1988.0
122253,1991.0
122252,1991.0
122252,1991.0
122252,1991.0
122252,1991.0
122252,1991.0
122252,1991.0
122252,1991.0
122251,1991.0
122251,1991.0
122251,1991.0
122251,1991.0
122246,1991.0
122244,1991.0
122244,1991.0
122241,1991.0
122241,1991.0
122236,1991.0
122235,1992.0
122232,1991.0
122232,1991.0
122229,1992.0
122228,1991.0
122228,1991.0
122228,1991.0
122220,1991.0
122219,1991.0
122216,1989.0
122216,1990.0
122216,1990.0
122216,1990.0
122216,1991.0
122216,1991.0
122216,1991.0
122215,1987.0
122215,1987.0
122215,1987.0
122215,1988.0
122215,1988.0
122215,1989.0
122215,1989.0
122214,1986.0
122214,1986.0
122214,1986.0
122214,1987.0
122214,1987.0
122214,1987.0
122214,1987.0
122214,1987.0
122208,1985.0
122208,1985.0
122208,1985.0
122208,1985.0
122208,1985.0
122208,1985.0
122207,1985.0
122207,1985.0
122207,1985.0
122204,1986.0
122200,1986.0
122156,1986.0
122155,1986.0
122153,1986.0
122153,1986.0
122153,1986.0
122153,1986.0
122153,1986.0
122153,1986.0
122153,1986.0
122153,1986.0
122153,1986.0
122153,1986.0
122153,1986.0
122153,1986.0
122153,1986.0
122153,1986.0
122153,1986.0
122153,1986.0
122149,1987.0
122149,1987.0
122147,1987.0
122147,1987.0
122147,1987.0
122145,1988.0
122145,1988.0
122144,1987.0
122144,1987.0
122139,1988.0
122139,1987.0
122139,1987.0
122139,1987.0
122139,1987.0
122139,1987.0
122139,1988.0
122138,1987.0
122130,1987.0
122130,1987.0
122129,1988.0
122124,1988.0
122120,1988.0
122118,1988.0
122118,1988.0
122115,1987.0
122115,1987.0
122115,1987.0
122115,1987.0
122113,1988.0
122111,1988.0
122111,1988.0
122111,1988.0
122111,1988.0
122111,1988.0
122111,1988.0
122111,1988.0
122111,1988.0
122109,1989.0
122109,1990.0
122109,1988.0
122109,1988.0
122109,1988.0
122109,1988.0
122109,1988.0
122109,1988.0
122109,1988.0
122109,1988.0
122109,1988.0
122106,1989.0
122106,1988.0
122059,1988.0
122059,1988.0
122058,1988.0
122058,1988.0
122058,1988.0
122058,1988.0
122057,1989.0
122055,1989.0
122055,1989.0
122052,1990.0
122052,1990.0
122052,1989.0
122052,1989.0
122052,1989.0
122052,1989.0
122052,1989.0
122052,1989.0
122052,1989.0
122052,1989.0
122052,1989.0
122052,1989.0
122052,1989.0
122052,1989.0
122052,1989.0
122052,1989.0
122051,1990.0
122051,1990.0
122051,1990.0
122051,1990.0
122051,1990.0
122051,1990.0
122051,1990.0
122051,1990.0
122051,1990.0
122051,1990.0
122051,1990.0
122051,1990.0
122051,1990.0
122051,1990.0
122051,1990.0
122051,1990.0
122051,1990.0
122051,1990.0
122051,1990.0
122051,1990.0
122045,1991.0
122045,1991.0
122038,1991.0
122037,1991.0
122036,1991.0
122030,1991.0
122030,1991.0
122026,1991.0
122025,1991.0
122025,1991.0
122025,1991.0
122025,1990.0
122023,1991.0
122023,1990.0
122019,1990.0
122019,1990.0
122014,1990.0
122014,1990.0
122014,1990.0
122013,1990.0
122013,1990.0
122013,1990.0
122013,1990.0
122006,1991.0
122006,1991.0
122006,1992.0
122005,1991.0
122005,1991.0
122005,1991.0
122005,1991.0
122005,1991.0
122005,1991.0
122005,1991.0
122005,1991.0
122005,1991.0
122005,1991.0
122005,1991.0
122005,1991.0
122005,1991.0
122004,1991.0
122003,1991.0
122001,1991.0
122001,1991.0
122001,1991.0
122001,1991.0
122001,1991.0
122001,1991.0
122001,1991.0
122001,1991.0
122001,1991.0
122000,1992.0
122000,1992.0
122000,1992.0
121959,1991.0
121959,1991.0
121958,1991.0
121958,1991.0
121957,1992.0
121955,1991.0
121955,1992.0
121953,1992.0
121953,1992.0
121950,1992.0
121948,1991.0
121948,1991.0
121946,1991.0
121946,1991.0
121943,1991.0
121942,1992.0
121940,1992.0
121940,1992.0
121938,1992.0
121938,1992.0
121937,1992.0
121931,1991.0
121930,1991.0
121925,1992.0
121925,1992.0
121919,1992.0
121919,1992.0
121919,1992.0
121916,1991.0
121916,1991.0
121916,1991.0
121914,1991.0
121912,1992.0
121912,1992.0
121910,1992.0
121910,1992.0
121910,1992.0
121908,1991.0
121908,1991.0
121908,1991.0
121908,1991.0
121908,1991.0
121908,1991.0
121908,1991.0
121908,1991.0
121906,1992.0
121905,1991.0
121904,1991.0
121904,1991.0
121901,1992.0
121900,1992.0
121858,1992.0
121858,1992.0
121858,1992.0
121858,1992.0
121852,1993.0
121846,1994.0
121845,1993.0
121845,1993.0
121845,1992.0
121845,1992.0
121845,1992.0
121845,1992.0
121845,1992.0
121845,1992.0
121845,1992.0
121845,1992.0
121845,1992.0
121845,1992.0
121840,1994.0
121838,1992.0
121835,1992.0
121827,1995.0
121826,1995.0
121825,1995.0
121821,1995.0
121818,1995.0
121817,1995.0
121816,1995.0
121816,1995.0
121811,1995.0
121810,1995.0
121810,1995.0
121808,1995.0
121808,1995.0
121759,1992.0
121759,1992.0
121758,1992.0
121745,1995.0
121736,1995.0
121731,1995.0
121713,1995.0
121713,1996.0
121705,1992.0
121705,1991.0
121705,1991.0
121658,1991.0
121658,1991.0
121654,1992.0
121654,1991.0
121643,1992.0
121643,1991.0
121640,1991.0
121640,1991.0
121630,1996.0
121630,1991.0
121629,1996.0
121629,1996.0
121629,1996.0
121629,1996.0
121626,1992.0
121626,1992.0
121626,1992.0
121626,1992.0
121626,1992.0
121626,1992.0
121626,1991.0
121619,1992.0
121619,1992.0
121619,1992.0
121616,1992.0
121616,1992.0
121616,1992.0
121616,1992.0
121616,1992.0
121616,1992.0
121616,1992.0
121615,1992.0
121605,1993.0
121605,1993.0
121605,1993.0
121605,1992.0
121605,1992.0
121605,1992.0
121601,1995.0
121559,1996.0
121559,1996.0
121555,1996.0
121555,1996.0
121552,1996.0
121545,1996.0
121541,1997.0
121539,1997.0
121539,1997.0
121536,1998.0
121536,1998.0
121536,1998.0
121535,1997.0
121531,1998.0
121519,1997.0
121519,1997.0
121519,1997.0
121519,1997.0
121519,1997.0
121519,1997.0
121519,1997.0
121519,1997.0
121509,1995.0
121509,1994.0
121509,1993.0
121509,1993.0
121509,1993.0
121509,1996.0
121507,1996.0
121507,1996.0
121507,1996.0
121454,1995.0
121454,1995.0
121454,1995.0
121442,1994.0
121442,1994.0
121442,1994.0
121442,1993.0
121430,1994.0
121430,1994.0
121430,1994.0
121430,1994.0
121430,1994.0
121429,1993.0
121424,1993.0
121417,1993.0
121417,1993.0
121417,1993.0
121417,1993.0
121417,1993.0
121413,1992.0
121408,1992.0
121406,1993.0
121406,1993.0
121406,1993.0
121406,1993.0
121355,1992.0
121352,1992.0
121351,1992.0
121348,1992.0
121345,1992.0
121342,1993.0
121340,1992.0
121337,1992.0
121336,1992.0
121336,1992.0
121336,1992.0
121333,1991.0
121331,1992.0
121323,1992.0
121323,1992.0
121323,1992.0
121323,1992.0
121321,1992.0
121319,1992.0
121306,1992.0
121305,1992.0
121302,1993.0
121302,1993.0
121300,1992.0
121258,1992.0
121254,1992.0
121250,1992.0
121250,1992.0
121250,1992.0
121250,1992.0
121250,1992.0
121250,1991.0
121250,1991.0
121237,1992.0
121234,1992.0
121234,1991.0
121232,1992.0
121232,1992.0
121232,1992.0
121232,1992.0
121230,1992.0
121222,1991.0
121216,1991.0
121209,1991.0
121206,1991.0
121206,1991.0
121203,1992.0
121158,1991.0
121157,1991.0
121154,1992.0
121154,1992.0
121152,1992.0
121152,1991.0
121151,1992.0
121149,1992.0
121144,1991.0
121144,1992.0
121143,1992.0
121142,1992.0
121141,1992.0
121141,1992.0
121141,1992.0
121129,1992.0
121123,1992.0
121123,1992.0
121123,1992.0
121123,1992.0
121116,1992.0
121110,1992.0
121110,1992.0
121108,1992.0
121108,1992.0
121104,1991.0
121103,1991.0
121055,1991.0
121055,1991.0
121052,1992.0
121052,1992.0
121045,1992.0
121040,1992.0
121038,1991.0
121037,1992.0
121037,1992.0
121035,1991.0
121035,1991.0
121028,1994.0
121028,1992.0
121028,1992.0
121028,1992.0
121021,1992.0
121019,1992.0
121019,1992.0
121018,1991.0
121018,1992.0
121017,1992.0
121014,1992.0
121014,1992.0
121010,1991.0
121006,1991.0
121003,1991.0
121003,1991.0
120957,1990.0
120955,1990.0
120953,1990.0
120953,1990.0
120953,1990.0
120946,1990.0
120946,1990.0
120946,1990.0
120946,1990.0
120946,1990.0
120946,1990.0
120945,1991.0
120944,1990.0
120944,1990.0
120944,1990.0
120944,1990.0
120944,1990.0
120944,1990.0
120944,1990.0
120944,1990.0
120941,1990.0
120940,1991.0
120940,1991.0
120940,1991.0
120940,1991.0
120940,1991.0
120940,1991.0
120940,1991.0
120940,1991.0
120940,1991.0
120940,1990.0
120940,1990.0
120940,1990.0
120940,1990.0
120940,1990.0
120940,1990.0
120940,1990.0
120940,1990.0
120940,1990.0
120939,1991.0
120939,1991.0
120939,1991.0
120933,1991.0
120932,1991.0
120930,1991.0
120930,1991.0
120929,1991.0
120929,1991.0
120929,1991.0
120929,1991.0
120928,1991.0
120928,1991.0
120928,1991.0
120928,1991.0
120928,1991.0
120927,1991.0
120927,1991.0
120927,1991.0
120927,1991.0
120926,1991.0
120926,1991.0
120926,1991.0
120926,1991.0
120925,1994.0
120925,1994.0
120925,1994.0
120924,1992.0
120924,1992.0
120924,1992.0
120924,1992.0
120924,1992.0
120924,1992.0
120924,1992.0
120924,1992.0
120924,1992.0
120924,1991.0
120923,1992.0
120923,1992.0
120918,1995.0
120916,1994.0
120916,1994.0
120916,1994.0
120916,1994.0
120916,1994.0
120916,1993.0
120916,1993.0
120916,1993.0
120916,1993.0
120916,1992.0
120914,1994.0
120912,1994.0
120912,1994.0
120911,1995.0
120911,1994.0
120906,1995.0
120903,1994.0
120903,1994.0
120903,1995.0
120903,1995.0
120859,1994.0
120859,1994.0
120858,1995.0
120857,1995.0
120857,1995.0
120857,1995.0
120857,1995.0
120857,1995.0
120857,1995.0
120857,1995.0
120857,1995.0
120857,1995.0
120851,1996.0
120849,1996.0
120846,1996.0
120846,1996.0
120845,1996.0
120815,1996.0
120813,1997.0
120813,1997.0
120810,1996.0
120807,1996.0
120807,1996.0
120801,1996.0
120801,1996.0
120801,1996.0
120801,1996.0
120751,1995.0
120751,1995.0
120751,1995.0
120751,1995.0
120751,1995.0
120751,1995.0
120748,1995.0
120746,1995.0
120746,1995.0
120746,1995.0
120746,1995.0
120746,1995.0
120746,1995.0
120744,1996.0
120741,1996.0
120741,1996.0
120740,1996.0
120730,1997.0
120723,1996.0
120723,1996.0
120718,1996.0
120718,1996.0
120718,1996.0
120715,1996.0
120714,1995.0
120711,1995.0
120711,1995.0
120711,1995.0
120711,1995.0
120706,1996.0
120705,1996.0
120702,1996.0
120702,1996.0
120702,1996.0
120702,1996.0
120702,1996.0
120702,1996.0
120702,1996.0
120702,1996.0
120702,1996.0
120702,1996.0
120702,1996.0
120658,1997.0
120658,1997.0
120658,1997.0
120658,1997.0
120656,1996.0
120653,1996.0
120644,1997.0
120644,1997.0
120644,1997.0
120644,1997.0
120636,1998.0
120636,1998.0
120636,1998.0
120634,1998.0
120630,1999.0
120627,1998.0
120624,1999.0
120610,1999.0
120610,1999.0
120606,1999.0
120601,1998.0
120600,1998.0
120557,1998.0
120557,1998.0
120557,1998.0
120557,1998.0
120557,1998.0
120557,1998.0
120551,1997.0
120551,1998.0
120551,1998.0
120551,1998.0
120547,1998.0
120541,1996.0
120540,1998.0
120538,1996.0
120533,1998.0
120532,1998.0
120532,1998.0
120528,1998.0
120528,1998.0
120528,1998.0
120527,1998.0
120513,1998.0
120512,1998.0
120507,1998.0
120504,1998.0
120501,1998.0
120500,1998.0
120500,1998.0
120500,1998.0
120455,1996.0
120448,1996.0
120439,1998.0
120437,1999.0
120437,1999.0
120437,1999.0
120435,1998.0
120430,1998.0
120430,1998.0
120427,1998.0
120427,1996.0
120427,1996.0
120427,1996.0
120427,1996.0
120427,1996.0
120419,1996.0
120419,1998.0
120419,1998.0
120419,1998.0
120408,1996.0
120401,1996.0
120400,1996.0
120359,1998.0
120357,1996.0
120350,1998.0
120347,1998.0
120343,1999.0
120343,1999.0
120343,1999.0
120343,1998.0
120341,1999.0
120331,1998.0
120328,1996.0
120328,1995.0
120312,1999.0
120311,1999.0
120309,1999.0
120303,1999.0
120302,1999.0
120302,1999.0
120257,1996.0
120257,1996.0
120257,1996.0
120257,1996.0
120257,1995.0
120257,1995.0
120257,1995.0
120252,1996.0
120243,1999.0
120241,1999.0
120239,1999.0
120231,1999.0
120231,1999.0
120231,1999.0
120231,1999.0
120226,1996.0
120225,1996.0
120225,1996.0
120225,1996.0
120225,1996.0
120225,1996.0
120225,1996.0
120221,1996.0
120215,1998.0
120215,1998.0
120211,1999.0
120204,1998.0
120204,1998.0
120204,1998.0
120200,1996.0
120150,1996.0
120150,1996.0
120150,1996.0
120150,1996.0
120150,1996.0
120150,1996.0
120150,1996.0
120149,1998.0
120149,1998.0
120140,1998.0
120140,1998.0
120139,1998.0
120134,1998.0
120134,1998.0
120134,1998.0
120133,1999.0
120133,1999.0
120133,1999.0
120133,1999.0
120128,1998.0
120126,1998.0
120122,1998.0
120119,1998.0
120115,1998.0
120112,1998.0
120107,1998.0
120054,1998.0
120047,1997.0
120047,1998.0
120047,1998.0
120035,1998.0
120031,1998.0
120030,1998.0
120012,1997.0
120007,1997.0
120006,1997.0
120005,1998.0
120005,1998.0
120005,1999.0
120005,1999.0
120005,1999.0
115957,1998.0
115957,1997.0
115954,1999.0
115950,1998.0
115950,1998.0
115949,1998.0
115946,1998.0
115945,1998.0
115915,1996.0
115915,1996.0
115901,1997.0
115901,1997.0
115901,1997.0
115901,1999.0
115901,1999.0
115901,1999.0
115900,1997.0
115900,1997.0
115851,1999.0
115849,1999.0
115836,1999.0
115836,1999.0
115836,1999.0
115823,2000.0
115823,2000.0
115818,2001.0
115812,2001.0
115812,2001.0
115812,2001.0
115812,2001.0
115811,2003.0
115806,2002.0
115800,2002.0
115749,2002.0
115747,2001.0
115745,2002.0
115741,2001.0
115741,2001.0
115735,2002.0
115731,2002.0
115730,2002.0
115730,2002.0
115723,2001.0
115715,2002.0
115713,2002.0
115712,2002.0
115710,2001.0
115710,2001.0
115706,2001.0
115705,2000.0
115705,2001.0
115704,2000.0
115703,2000.0
115654,2000.0
115654,2000.0
115654,2000.0
115654,2000.0
115654,2000.0
115649,2000.0
115649,2000.0
115649,2000.0
115649,2000.0
115649,2000.0
115649,2000.0
115649,2000.0
115646,2000.0
115645,2000.0
115642,2000.0
115642,2000.0
115642,2000.0
115638,2000.0
115635,2000.0
115635,2000.0
115632,2000.0
115631,2000.0
115622,1999.0
115622,2000.0
115622,2000.0
115622,1999.0
115622,1999.0
115622,1999.0
115620,1998.0
115620,1998.0
115620,1998.0
115620,1998.0
115620,1999.0
115620,1999.0
115620,1999.0
115620,1999.0
115612,1997.0
115606,1996.0
115558,1995.0
115556,1995.0
115556,1995.0
115556,1995.0
115556,1995.0
115556,1995.0
115556,1995.0
115556,1995.0
115554,1995.0
115551,1995.0
115551,1995.0
115549,1994.0
115548,1994.0
115547,1994.0
115532,1994.0
115527,1993.0
115518,1994.0
115518,1994.0
115518,1994.0
115518,1994.0
115509,1993.0
115509,1993.0
115509,1993.0
115503,1993.0
115501,1993.0
115501,1993.0
115501,1992.0
115501,1992.0
115446,1993.0
115444,1993.0
115444,1993.0
115444,1993.0
115444,1993.0
115441,1993.0
115440,1993.0
115438,1993.0
115433,1993.0
115433,1993.0
115433,1993.0
115433,1993.0
115431,1993.0
115429,1993.0
115428,1993.0
115425,1992.0
115421,1992.0
115420,1993.0
115417,1992.0
115415,1993.0
115414,1993.0
115414,1992.0
115413,1993.0
115411,1992.0
115410,1993.0
115410,1993.0
115410,1993.0
115407,1993.0
115406,1993.0
115406,1993.0
115406,1993.0
115406,1993.0
115406,1993.0
115406,1993.0
115404,1992.0
115403,1993.0
115402,1993.0
115359,1993.0
115358,1993.0
115355,1992.0
115345,1992.0
115345,1992.0
115345,1992.0
115345,1992.0
115343,1991.0
115342,1991.0
115339,1991.0
115333,1992.0
115332,1991.0
115331,1991.0
115313,1992.0
115313,1991.0
115313,1991.0
115312,1992.0
115302,1992.0
115300,1991.0
115300,1992.0
115300,1991.0
115257,1991.0
115257,1992.0
115257,1992.0
115250,1991.0
115249,1991.0
115248,1992.0
115245,1992.0
115243,1991.0
115242,1992.0
115238,1992.0
115237,1992.0
115236,1992.0
115233,1992.0
115219,1991.0
115218,1992.0
115217,1991.0
115217,1992.0
115217,1992.0
115217,1992.0
115217,1992.0
115215,1992.0
115208,1992.0
115207,1992.0
115206,1992.0
115205,1992.0
115204,1991.0
115200,1992.0
115158,1991.0
115156,1991.0
115156,1992.0
115149,1991.0
115145,1992.0
115144,1992.0
115135,1991.0
115133,1992.0
115127,1992.0
115127,1992.0
115127,1992.0
115117,1992.0
115117,1992.0
115117,1991.0
115116,1992.0
115114,1992.0
115113,1992.0
115113,1992.0
115113,1992.0
115113,1991.0
115106,1991.0
115103,1991.0
115057,1992.0
115054,1991.0
115053,1992.0
115047,1992.0
115047,1992.0
115044,1992.0
115036,1992.0
115030,1992.0
115030,1992.0
115025,1992.0
115018,1991.0
115018,1991.0
115011,1990.0
115011,1990.0
115002,1991.0
114953,1991.0
114951,1990.0
114950,1990.0
114950,1990.0
114950,1990.0
114950,1990.0
114950,1990.0
114950,1990.0
114950,1990.0
114950,1990.0
114950,1990.0
114950,1990.0
114950,1990.0
114950,1990.0
114950,1990.0
114950,1990.0
114950,1990.0
114950,1990.0
114950,1990.0
114950,1990.0
114950,1990.0
114950,1990.0
114950,1990.0
114950,1990.0
114950,1990.0
114950,1991.0
114950,1991.0
114950,1990.0
114950,1990.0
114950,1990.0
114950,1990.0
114950,1990.0
114950,1990.0
114950,1990.0
114950,1990.0
114950,1990.0
114950,1990.0
114950,1990.0
114950,1990.0
114950,1990.0
114950,1990.0
114950,1990.0
114950,1990.0
114950,1990.0
114950,1990.0
114950,1990.0
114950,1990.0
114945,1991.0
114945,1991.0
114945,1991.0
114943,1990.0
114940,1991.0
114938,1991.0
114925,1990.0
114921,1990.0
114918,1990.0
114917,1990.0
114914,1991.0
114903,1991.0
114903,1991.0
114858,1992.0
114858,1992.0
114858,1992.0
114855,1992.0
114855,1992.0
114855,1991.0
114855,1991.0
114855,1991.0
114843,1992.0
114843,1992.0
114842,1992.0
114839,1991.0
114837,1991.0
114837,1991.0
114837,1991.0
114837,1991.0
114824,1991.0
114814,1991.0
114814,1991.0
114814,1991.0
114814,1991.0
114758,1992.0
114749,1991.0
114747,1992.0
114738,1991.0
114738,1991.0
114732,1991.0
114728,1991.0
114728,1991.0
114728,1991.0
114718,1991.0
114714,1991.0
114714,1991.0
114710,1991.0
114705,1991.0
114703,1991.0
114658,1991.0
114658,1991.0
114658,1991.0
114655,1990.0
114655,1990.0
114653,1991.0
114653,1991.0
114653,1991.0
114647,1990.0
114646,1990.0
114639,1991.0
114638,1991.0
114636,1991.0
114628,1991.0
114616,1990.0
114615,1991.0
114612,1990.0
114611,1991.0
114611,1991.0
114608,1991.0
114604,1991.0
114558,1990.0
114551,1991.0
114547,1991.0
114533,1990.0
114531,1991.0
114529,1991.0
114526,1991.0
114525,1991.0
114521,1991.0
114519,1991.0
114518,1991.0
114518,1991.0
114518,1991.0
114518,1991.0
114518,1991.0
114509,1991.0
114509,1991.0
114509,1991.0
114509,1991.0
114509,1991.0
114509,1991.0
114509,1991.0
114509,1991.0
114509,1991.0
114509,1991.0
114509,1991.0
114509,1991.0
114509,1991.0
114509,1991.0
114509,1991.0
114509,1991.0
114509,1991.0
114457,1991.0
114451,1992.0
114449,1991.0
114442,1991.0
114435,1992.0
114423,1992.0
114423,1992.0
114423,1992.0
114423,1992.0
114411,1993.0
114353,1992.0
114330,1992.0
114330,1992.0
114330,1993.0
114330,1992.0
114330,1992.0
114329,1992.0
114321,1991.0
114310,1991.0
114303,1992.0
114303,1992.0
114302,1991.0
114256,1991.0
114255,1991.0
114255,1991.0
114255,1991.0
114252,1991.0
114241,1991.0
114227,1991.0
114227,1991.0
114226,1992.0
114226,1992.0
114217,1992.0
114217,1992.0
114157,1993.0
114157,1993.0
114147,1992.0
114145,1993.0
114144,1992.0
114144,1992.0
114136,1993.0
114132,1992.0
114132,1992.0
114132,1992.0
114132,1992.0
114132,1992.0
114132,1992.0
114123,1993.0
114123,1993.0
114120,1994.0
114117,1994.0
114059,1993.0
114058,1993.0
114041,1993.0
114038,1992.0
114037,1992.0
114036,1992.0
114035,1992.0
114035,1992.0
114035,1992.0
114035,1991.0
114034,1992.0
114034,1992.0
114034,1992.0
114030,1991.0
114030,1991.0
114023,1992.0
114023,1992.0
114021,1992.0
114020,1991.0
114018,1992.0
114017,1991.0
114016,1991.0
114014,1991.0
114014,1991.0
114009,1991.0
114009,1991.0
114001,1991.0
114001,1991.0
113949,1991.0
113949,1991.0
113948,1991.0
113943,1991.0
113938,1991.0
113938,1991.0
113938,1991.0
113938,1991.0
113938,1991.0
113930,1992.0
113928,1991.0
113928,1991.0
113918,1991.0
113911,1991.0
113911,1991.0
113911,1991.0
113911,1991.0
113911,1991.0
113911,1991.0
113857,1991.0
113854,1991.0
113854,1991.0
113853,1991.0
113853,1990.0
113853,1990.0
113851,1991.0
113849,1991.0
113843,1991.0
113841,1991.0
113839,1991.0
113833,1991.0
113829,1991.0
113827,1991.0
113827,1991.0
113827,1991.0
113826,1991.0
113826,1991.0
113826,1991.0
113826,1991.0
113826,1991.0
113826,1991.0
113814,1991.0
113814,1991.0
113813,1991.0
113807,1991.0
113807,1991.0
113807,1991.0
113807,1991.0
113805,1990.0
113804,1991.0
113757,1991.0
113757,1991.0
113755,1991.0
113744,1991.0
113740,1990.0
113740,1990.0
113734,1990.0
113733,1991.0
113733,1990.0
113732,1990.0
113731,1990.0
113725,1990.0
113725,1991.0
113719,1990.0
113719,1990.0
113717,1991.0
113716,1990.0
113715,1990.0
113711,1990.0
113711,1990.0
113709,1990.0
113659,1990.0
113659,1990.0
113656,1990.0
113653,1990.0
113653,1990.0
113653,1990.0
113653,1990.0
113653,1990.0
113653,1990.0
113652,1991.0
113649,1991.0
113649,1991.0
113649,1991.0
113649,1991.0
113649,1991.0
113649,1991.0
113649,1991.0
113649,1991.0
113646,1991.0
113646,1991.0
113646,1991.0
113646,1991.0
113646,1991.0
113646,1991.0
113646,1991.0
113646,1991.0
113646,1991.0
113646,1991.0
113646,1991.0
113644,1992.0
113644,1992.0
113637,1992.0
113635,1991.0
113635,1991.0
113633,1991.0
113633,1991.0
113633,1991.0
113632,1991.0
113632,1991.0
113632,1991.0
113632,1991.0
113632,1992.0
113627,1992.0
113625,1992.0
113623,1992.0
113616,1992.0
113613,1992.0
113611,1992.0
113607,1992.0
113603,1992.0
113602,1992.0
113602,1992.0
113600,1991.0
113558,1991.0
113558,1991.0
113558,1991.0
113549,1991.0
113542,1992.0
113528,1992.0
113528,1992.0
113528,1992.0
113528,1992.0
113528,1992.0
113528,1992.0
113528,1992.0
113522,1993.0
113521,1992.0
113521,1992.0
113521,1992.0
113518,1992.0
113518,1992.0
113514,1993.0
113509,1993.0
113509,1993.0
113508,1993.0
113505,1993.0
113503,1993.0
113503,1993.0
113500,1993.0
113454,1993.0
113452,1993.0
113452,1993.0
113446,1993.0
113446,1993.0
113446,1993.0
113446,1993.0
113443,1993.0
113439,1993.0
113438,1993.0
113437,1993.0
113432,1993.0
113426,1994.0
113425,1994.0
113407,1993.0
113406,1993.0
113406,1993.0
113406,1993.0
113406,1993.0
113406,1993.0
113406,1993.0
113406,1993.0
113347,1994.0
113347,1994.0
113347,1994.0
113347,1994.0
113347,1994.0
113347,1994.0
113337,1994.0
113337,1994.0
113337,1994.0
113337,1994.0
113326,1996.0
113322,1995.0
113322,1995.0
113322,1995.0
113322,1995.0
113322,1995.0
113322,1995.0
113322,1995.0
113317,1995.0
113317,1995.0
113310,1996.0
113310,1996.0
113258,1997.0
113255,1996.0
113254,1996.0
113246,1997.0
113242,1997.0
113237,1996.0
113235,1997.0
113231,1997.0
113231,1997.0
113231,1998.0
113230,1997.0
113230,1997.0
113223,1998.0
113217,1997.0
113217,1997.0
113213,1998.0
113151,1998.0
113151,1998.0
113149,1995.0
113149,1995.0
113148,1995.0
113148,1995.0
113137,1998.0
113125,1997.0
113125,1997.0
113125,1997.0
113125,1995.0
113125,1995.0
113121,1996.0
113117,1995.0
113112,1994.0
113112,1994.0
113112,1994.0
113112,1994.0
113109,1996.0
113058,1994.0
113053,1995.0
113053,1996.0
113052,1995.0
113044,1995.0
113042,1995.0
113040,1996.0
113038,1996.0
113036,1996.0
113032,1996.0
113032,1997.0
113032,1997.0
113026,1996.0
113026,1995.0
113026,1997.0
113021,1997.0
113019,1996.0
113012,1997.0
113005,1997.0
113005,1997.0
113005,1996.0
113005,1996.0
113005,1996.0
113005,1995.0
113005,1995.0
113005,1995.0
113005,1995.0
113005,1995.0
113005,1995.0
113005,1995.0
113005,1995.0
113005,1995.0
113005,1995.0
113005,1995.0
113005,1995.0
113005,1995.0
113004,1998.0
113004,1998.0
113004,1998.0
113004,1998.0
113001,1997.0
113001,1997.0
112959,1997.0
112944,1998.0
112944,1998.0
112944,1998.0
112944,1998.0
112939,1999.0
112930,1998.0
112929,1998.0
112924,1998.0
112918,1998.0
112906,1997.0
112906,1997.0
112906,1997.0
112906,1997.0
112906,1999.0
112906,1999.0
112904,1997.0
112855,1998.0
112855,1998.0
112855,1998.0
112854,1997.0
112850,1997.0
112849,1996.0
112847,1997.0
112845,1997.0
112841,1996.0
112841,1997.0
112835,1996.0
112835,1996.0
112835,1996.0
112835,1996.0
112835,1996.0
112835,1996.0
112835,1996.0
112835,1996.0
112835,1996.0
112835,1996.0
112835,1996.0
112835,1996.0
112835,1996.0
112823,1997.0
112823,1997.0
112823,1997.0
112822,1998.0
112822,1997.0
112822,1997.0
112811,1998.0
112811,1997.0
112811,1997.0
112811,1997.0
112811,1997.0
112810,1998.0
112808,1997.0
112805,1998.0
112801,1998.0
112801,1997.0
112801,1997.0
112801,1997.0
112757,1997.0
112757,1998.0
112748,1998.0
112748,1998.0
112742,1998.0
112732,1997.0
112730,1999.0
112728,2000.0
112728,1997.0
112728,1997.0
112728,1997.0
112727,1998.0
112727,1999.0
112727,2000.0
112727,2000.0
112725,1998.0
112725,1998.0
112725,1998.0
112725,1997.0
112709,1998.0
112707,1998.0
112707,1998.0
112705,1997.0
112703,1998.0
112702,2000.0
112702,2000.0
112702,2000.0
112702,1999.0
112702,1999.0
112700,2000.0
112656,2000.0
112652,2000.0
112652,2000.0
112652,2000.0
112651,1999.0
112649,2000.0
112649,2000.0
112649,2000.0
112647,1999.0
112638,1998.0
112638,1998.0
112637,1999.0
112630,1998.0
112630,1999.0
112628,1998.0
112622,1998.0
112622,1998.0
112622,1998.0
112622,1998.0
112622,1998.0
112622,1998.0
112622,1998.0
112622,1998.0
112622,1998.0
112613,1999.0
112608,1999.0
112608,1999.0
112608,1999.0
112607,1998.0
112607,1998.0
112605,1999.0
112602,1998.0
112601,1998.0
112558,1998.0
112558,1998.0
112558,1998.0
112558,1998.0
112558,1998.0
112557,1999.0
112557,1998.0
112555,1998.0
112555,1998.0
112555,1998.0
112555,1998.0
112555,1998.0
112555,1998.0
112555,1998.0
112551,1998.0
112551,1998.0
112551,1998.0
112551,1998.0
112551,1998.0
112546,1999.0
112546,1999.0
112545,2001.0
112537,1999.0
112533,1999.0
112533,1999.0
112533,1999.0
112533,1999.0
112533,1999.0
112533,1999.0
112533,1999.0
112533,1999.0
112533,1999.0
112531,2002.0
112521,2000.0
112521,1999.0
112520,2002.0
112519,2000.0
112519,2000.0
112519,2000.0
112510,2003.0
112510,2004.0
112510,2004.0
112510,2005.0
112510,2005.0
112502,2000.0
112502,2000.0
112423,2000.0
112423,2004.0
112423,2005.0
112423,2005.0
112412,2000.0
112412,2000.0
112412,2000.0
112407,2001.0
112407,2000.0
112407,2000.0
112407,2000.0
112406,2001.0
112400,2000.0
112356,2004.0
112356,2000.0
112352,2000.0
112341,1999.0
112337,2000.0
112337,2000.0
112333,2000.0
112329,2000.0
112329,2000.0
112318,2000.0
112318,2000.0
112318,2000.0
112318,2000.0
112313,2000.0
112308,2000.0
112255,2000.0
112255,2000.0
112255,2000.0
112255,2000.0
112255,2000.0
112255,2000.0
112255,2000.0
112244,1999.0
112244,1999.0
112241,1999.0
112241,1999.0
112239,1999.0
112236,1999.0
112236,1999.0
112228,1998.0
112221,1999.0
112220,1998.0
112216,1999.0
112216,1999.0
112216,1999.0
112216,1999.0
112212,2000.0
112209,2000.0
112205,2000.0
112204,2000.0
112202,2000.0
112159,2000.0
112159,1999.0
112158,2000.0
112155,2000.0
112151,2000.0
112146,2000.0
112145,1999.0
112144,2000.0
112137,1999.0
112137,2000.0
112137,2000.0
112137,2000.0
112133,1999.0
112133,1999.0
112133,1999.0
112124,2000.0
112124,2000.0
112124,2000.0
112122,1999.0
112122,1999.0
112122,1999.0
112122,1999.0
112121,2000.0
112113,1999.0
112110,1999.0
112104,1999.0
112103,2000.0
112102,2000.0
112102,2000.0
112054,2000.0
112053,1999.0
112053,1999.0
112041,2000.0
112037,2000.0
112035,1999.0
112035,1999.0
112035,1999.0
112035,1999.0
112032,2000.0
112030,1999.0
112022,1999.0
112015,1999.0
112015,1999.0
112015,1999.0
112002,1999.0
112002,1999.0
112002,1999.0
111956,2000.0
111951,2000.0
111944,1999.0
111943,2000.0
111940,2000.0
111939,1999.0
111933,2000.0
111924,1999.0
111920,2000.0
111905,1999.0
111858,1998.0
111852,2000.0
111852,2000.0
111843,1998.0
111843,1998.0
111843,1998.0
111843,1998.0
111833,1999.0
111833,1999.0
111833,2000.0
111833,2000.0
111833,2000.0
111831,1999.0
111825,2000.0
111824,1999.0
111824,1999.0
111817,1998.0
111817,1998.0
111817,1998.0
111817,1998.0
111815,1998.0
111815,1998.0
111808,1999.0
111808,1999.0
111759,1999.0
111754,2000.0
111752,2000.0
111750,2000.0
111750,2000.0
111750,2002.0
111750,2000.0
111750,2000.0
111750,2000.0
111750,2000.0
111750,2000.0
111750,2000.0
111750,2000.0
111750,2000.0
111750,2000.0
111750,2000.0
111748,2002.0
111746,2000.0
111744,2000.0
111743,2000.0
111743,2000.0
111743,2000.0
111743,2000.0
111743,2000.0
111743,2000.0
111736,2001.0
111736,2001.0
111736,2000.0
111736,2000.0
111736,2000.0
111736,2000.0
111736,2000.0
111736,2000.0
111736,2000.0
111736,2000.0
111728,2001.0
111728,2001.0
111728,2001.0
111728,2001.0
111728,2001.0
111720,2002.0
111720,2002.0
111720,2002.0
111720,2002.0
111720,2002.0
111720,2002.0
111720,2002.0
111720,2001.0
111720,2001.0
111720,2001.0
111720,2001.0
111720,2001.0
111720,2001.0
111720,2001.0
111712,2002.0
111711,2009.0
111709,2002.0
111701,2003.0
111701,2003.0
111701,2003.0
111701,2003.0
111701,2003.0
111701,2002.0
111701,2002.0
111701,2002.0
111652,2003.0
111643,2008.0
111643,2010.0
111643,2010.0
111643,2005.0
111643,2004.0
111643,2004.0
111643,2004.0
111643,2004.0
111643,2004.0
111643,2004.0
111643,2004.0
111643,2003.0
111643,2003.0
111643,2003.0
111643,2003.0
111640,2009.0
111640,2010.0
111631,2009.0
111627,2009.0
111627,2009.0
111613,2005.0
111613,2005.0
111613,2005.0
111613,2004.0
111613,2004.0
111613,2009.0
111601,2005.0
111601,2005.0
111601,2005.0
111601,2005.0
111601,2005.0
111601,2005.0
111601,2005.0
111601,2010.0
111553,2005.0
111537,2006.0
111537,2007.0
111537,2007.0
111537,2007.0
111537,2008.0
111537,2008.0
111537,2009.0
111537,2010.0
111531,2006.0
111531,2006.0
111515,2007.0
111511,2007.0
111500,2007.0
111500,2008.0
111447,2008.0
111427,2010.0
111410,2005.0
111410,2005.0
111410,2005.0
111401,2010.0
111401,2010.0
111356,2006.0
111356,2006.0
111356,2006.0
111356,2006.0
111356,2005.0
111354,2010.0
111354,2010.0
111343,2010.0
111332,2009.0
111332,2010.0
111332,2010.0
111332,2010.0
111332,2010.0
111332,2010.0
111332,2010.0
111332,2010.0
111332,2010.0
111332,2010.0
111332,2010.0
111332,2010.0
111332,2010.0
111326,2006.0
111319,2006.0
111300,2005.0
111251,2005.0
111248,2005.0
111248,2005.0
111248,2005.0
111248,2005.0
111239,2005.0
111239,2005.0
111230,2006.0
111230,2008.0
111230,2010.0
111229,2006.0
111229,2006.0
111222,2007.0
111222,2007.0
111222,2007.0
111222,2007.0
111222,2006.0
111222,2006.0
111222,2006.0
111216,2008.0
111213,2008.0
111213,2008.0
111203,2008.0
111203,2008.0
111155,2008.0
111155,2008.0
111133,2010.0
111133,2010.0
111133,2010.0
111130,2010.0
111128,2010.0
111128,2010.0
111125,2010.0
111122,2011.0
111116,2011.0
111109,2011.0
111109,2011.0
111051,2011.0
111036,2010.0
111024,2013.0
111024,2013.0
111024,2013.0
111021,2011.0
111021,2010.0
111015,2011.0
111015,2011.0
111000,2011.0
111000,2011.0
111000,2011.0
111000,2010.0
111000,2010.0
111000,2010.0
111000,2010.0
110957,2010.0
110957,2010.0
110953,2010.0
110952,2011.0
110934,2010.0
110933,2010.0
110931,2010.0
110927,2008.0
110922,2010.0
110908,2011.0
110908,2008.0
110908,2008.0
110908,2008.0
110904,2011.0
110900,2010.0
110900,2011.0
110852,2010.0
110852,2010.0
110831,2011.0
110809,2011.0
110808,2011.0
110806,2010.0
110746,2011.0
110746,2014.0
110746,2014.0
110744,2010.0
110737,2010.0
110736,2010.0
110736,2010.0
110730,2010.0
110729,2010.0
110723,2011.0
110723,2011.0
110723,2010.0
110716,2011.0
110715,2010.0
110705,2010.0
110657,2010.0
110656,2010.0
110655,2010.0
110655,2010.0
110655,2010.0
110655,2010.0
110655,2010.0
110655,2010.0
110655,2010.0
110655,2010.0
110655,2009.0
110655,2009.0
110655,2009.0
110655,2009.0
110655,2009.0
110655,2010.0
110655,2010.0
110655,2010.0
110655,2010.0
110655,2010.0
110648,2008.0
110645,2007.0
110645,2004.0
110645,2002.0
110645,2002.0
110645,2002.0
110637,2004.0
110637,2004.0
110637,2003.0
110637,2003.0
110637,2003.0
110637,2003.0
110637,2003.0
110637,2003.0
110637,2003.0
110637,2002.0
110637,2002.0
110637,2002.0
110637,2002.0
110637,2002.0
110637,2002.0
110637,2002.0
110635,2006.0
110635,2005.0
110635,2005.0
110635,2005.0
110635,2005.0
110635,2004.0
110633,2007.0
110633,2007.0
110633,2007.0
110633,2007.0
110633,2006.0
110633,2006.0
110633,2006.0
110633,2005.0
110630,2008.0
110620,2007.0
110616,2006.0
110616,2007.0
110616,2007.0
110616,2007.0
110559,2005.0
110555,2007.0
110548,2007.0
110542,2005.0
110539,2005.0
110539,2005.0
110539,2005.0
110539,2005.0
110539,2005.0
110539,2005.0
110539,2005.0
110532,2004.0
110526,2004.0
110526,2003.0
110526,2004.0
110526,2004.0
110521,2005.0
110513,2004.0
110510,2004.0
110501,2004.0
110452,2003.0
110452,2003.0
110452,2003.0
110452,2003.0
110452,2003.0
110452,2003.0
110450,2004.0
110431,2004.0
110431,2004.0
110427,2005.0
110419,2005.0
110414,2004.0
110405,2005.0
110404,2004.0
110357,2004.0
110351,2004.0
110336,2005.0
110334,2003.0
110333,2003.0
110333,2003.0
110330,2003.0
110330,2003.0
110329,2003.0
110327,2003.0
110327,2003.0
110326,2003.0
110324,2003.0
110323,2004.0
110323,2004.0
110323,2004.0
110323,2004.0
110323,2003.0
110320,2004.0
110319,2004.0
110319,2004.0
110319,2004.0
110319,2004.0
110317,2004.0
110315,2005.0
110309,2005.0
110303,2005.0
110251,2007.0
110251,2007.0
110244,2004.0
110241,2004.0
110239,2004.0
110238,2004.0
110234,2004.0
110226,2006.0
110226,2005.0
110226,2005.0
110226,2004.0
110225,2006.0
110217,2006.0
110209,2005.0
110208,2005.0
110157,2004.0
110157,2004.0
110157,2005.0
110155,2004.0
110155,2004.0
110155,2004.0
110152,2004.0
110150,2004.0
110150,2005.0
110146,2004.0
110145,2004.0
110138,2005.0
110136,2006.0
110136,2006.0
110136,2006.0
110136,2006.0
110136,2006.0
110136,2005.0
110136,2005.0
110131,2006.0
110131,2006.0
110129,2006.0
110125,2006.0
110115,2006.0
110109,2007.0
110109,2007.0
110108,2008.0
110108,2007.0
110100,2007.0
110100,2007.0
110100,2007.0
110040,2008.0
110040,2008.0
110040,2008.0
110040,2008.0
110040,2008.0
110040,2008.0
110040,2008.0
110040,2008.0
110038,2010.0
110035,2010.0
110032,2010.0
110022,2008.0
110016,2010.0
110006,2008.0
110004,2010.0
105947,2010.0
105937,2009.0
105937,2009.0
105937,2010.0
105932,2009.0
105919,2008.0
105919,2008.0
105919,2008.0
105919,2008.0
105908,2009.0
105908,2009.0
105908,2009.0
105851,2010.0
105850,2010.0
105850,2010.0
105849,2010.0
105845,2011.0
105843,2010.0
105836,2010.0
105836,2010.0
105835,2011.0
105825,2011.0
105820,2011.0
105805,2010.0
105751,2010.0
105737,2016.0
105737,2016.0
105658,2016.0
105654,2016.0
105652,2016.0
105649,2016.0
105649,2016.0
105641,2009.0
105636,2015.0
105636,2015.0
105636,2015.0
105636,2015.0
105636,2014.0
105636,2014.0
105636,2010.0
105636,2010.0
105636,2010.0
105629,2016.0
105625,2016.0
105622,2015.0
105619,2015.0
105619,2015.0
105617,2016.0
105617,2016.0
105617,2016.0
105617,2016.0
105617,2016.0
105608,2017.0
105606,2019.0
105601,2019.0
105600,2019.0
105557,2017.0
105557,2017.0
105557,2016.0
105552,2019.0
105552,2017.0
105548,2019.0
105547,2017.0
105547,2017.0
105536,2016.0
105535,2016.0
105535,2016.0
105532,2019.0
105528,2016.0
105456,2018.0
105456,2019.0
105448,2016.0
105447,2019.0
105442,2016.0
105438,2016.0
105435,2016.0
105431,2016.0
105412,2019.0
105409,2016.0
105409,2015.0
105404,2019.0
105401,2019.0
105401,2019.0
105401,2019.0
105401,2019.0
105401,2019.0
105401,2019.0
105353,2015.0
105350,2016.0
105350,2019.0
105350,2019.0
105350,2019.0
105349,2016.0
105330,2015.0
105329,2015.0
105318,2015.0
105310,2016.0
105310,2016.0
105310,2016.0
105310,2015.0
105310,2015.0
105254,2019.0
105253,2015.0
105248,2015.0
105247,2019.0
105245,2019.0
105245,2019.0
105243,2019.0
105243,2019.0
105243,2015.0
105241,2015.0
105240,2015.0
105238,2019.0
105238,2019.0
105238,2019.0
105222,2018.0
105216,2015.0
105216,2015.0
105216,2015.0
105216,2015.0
105216,2015.0
105156,2015.0
105156,2015.0
105140,2015.0
105128,2003.0
105127,2006.0
105127,2003.0
105123,2006.0
105119,2006.0
105119,2006.0
105119,2006.0
105116,2004.0
105116,2003.0
105116,2003.0
105116,2003.0
105116,2003.0
105116,2006.0
105116,2006.0
105116,2006.0
105115,2004.0
105115,2004.0
105114,2004.0
105114,2004.0
105113,2004.0
105106,2004.0
105058,2004.0
105052,2004.0
105052,2004.0
105052,2004.0
105045,2004.0
105045,2004.0
105031,2005.0
105031,2005.0
105017,2005.0
105006,2005.0
104952,2004.0
104941,2003.0
104936,2003.0
104935,2004.0
104934,2005.0
104933,2004.0
104929,2004.0
104929,2004.0
104925,2004.0
104924,2003.0
104923,2004.0
104921,2004.0
104921,2004.0
104919,2004.0
104913,2004.0
104902,2004.0
104900,2004.0
104856,2004.0
104856,2004.0
104846,2004.0
104836,2005.0
104834,2005.0
104834,2005.0
104834,2005.0
104834,2005.0
104832,2006.0
104832,2007.0
104832,2007.0
104832,2010.0
104832,2010.0
104832,2010.0
104832,2010.0
104832,2013.0
104832,2015.0
104832,2005.0
104829,2006.0
104829,2006.0
104826,2006.0
104809,2006.0
104759,2005.0
104759,2005.0
104756,2006.0
104756,2007.0
104752,2006.0
104752,2006.0
104751,2006.0
104747,2007.0
104739,2006.0
104737,2006.0
104717,2007.0
104717,2007.0
104717,2006.0
104717,2006.0
104708,2006.0
104708,2006.0
104705,2007.0
104652,2007.0
104651,2006.0
104651,2006.0
104651,2006.0
104651,2006.0
104644,2006.0
104644,2006.0
104641,2006.0
104641,2006.0
104634,2007.0
104634,2007.0
104634,2007.0
104613,2010.0
104613,2010.0
104607,2010.0
104601,2014.0
104601,2014.0
104558,2010.0
104558,2010.0
104558,2010.0
104558,2010.0
104558,2010.0
104558,2010.0
104558,2010.0
104556,2013.0
104556,2014.0
104556,2014.0
104556,2015.0
104549,2010.0
104539,2014.0
104537,2015.0
104526,2013.0
104526,2015.0
104526,2015.0
104522,2014.0
104522,2014.0
104520,2013.0
104520,2014.0
104520,2014.0
104512,2013.0
104508,2013.0
104506,2013.0
104500,2013.0
104500,2013.0
104500,2013.0
104446,2013.0
104439,2013.0
104431,2013.0
104428,2015.0
104425,2015.0
104424,2016.0
104424,2016.0
104424,2015.0
104424,2015.0
104423,2016.0
104423,2016.0
104423,2016.0
104423,2016.0
104423,2016.0
104413,2018.0
104412,2018.0
104411,2018.0
104411,2018.0
104410,2019.0
104410,2018.0
104410,2018.0
104410,2018.0
104410,2018.0
104409,2019.0
104409,2018.0
104409,2018.0
104409,2018.0
104408,2018.0
104408,2018.0
104406,2019.0
104402,2019.0
104401,2019.0
104400,2019.0
104356,2018.0
104349,2019.0
104349,2018.0
104347,2019.0
104347,2019.0
104339,2020.0
104337,2019.0
104337,2019.0
104337,2019.0
104336,2018.0
104335,2019.0
104327,2019.0
104327,2019.0
104324,2019.0
104323,2019.0
104317,2020.0
104314,2020.0
104314,2020.0
104314,2020.0
104314,2020.0
104314,2020.0
104314,2020.0
104306,2019.0
104255,2020.0
104254,2020.0
104248,2020.0
104248,2020.0
104248,2020.0
104248,2020.0
104247,2020.0
104243,2019.0
104241,2019.0
104226,2020.0
104225,2019.0
104225,2019.0
104225,2019.0
104225,2018.0
104224,2019.0
104206,2020.0
104204,2018.0
104159,2020.0
104159,2018.0
104157,2019.0
104150,2018.0
104149,2019.0
104149,2018.0
104148,2020.0
104148,2020.0
104148,2021.0
104145,2020.0
104143,2020.0
104142,2019.0
104142,2020.0
104142,2020.0
104142,2020.0
104142,2020.0
104135,2019.0
104132,2020.0
104132,2020.0
104132,2020.0
104132,2020.0
104132,2020.0
104132,2020.0
104131,2018.0
104126,2020.0
104120,2019.0
104120,2020.0
104120,2020.0
104120,2020.0
104120,2020.0
104118,2019.0
104118,2019.0
104118,2019.0
104118,2019.0
104116,2020.0
104115,2020.0
104113,2020.0
104113,2020.0
104113,2020.0
104113,2020.0
104113,2020.0
104112,2020.0
104111,2021.0
104111,2020.0
104111,2020.0
104111,2020.0
104111,2020.0
104111,2020.0
104111,2020.0
104104,2021.0
104104,2021.0
104104,2021.0
104104,2021.0
104056,2021.0
104052,2021.0
104052,2021.0
104050,2022.0
104043,2021.0
104043,2021.0
104043,2021.0
104042,2020.0
104041,2021.0
104041,2021.0
104038,2021.0
104037,2021.0
104036,2020.0
104035,2020.0
104035,2020.0
104034,2021.0
104023,2020.0
104023,2020.0
104017,2020.0
104013,2020.0
104010,2019.0
104009,2020.0
104009,2020.0
104009,2020.0
104009,2020.0
104009,2020.0
104009,2020.0
104009,2020.0
104009,2020.0
104009,2020.0
104008,2020.0
104004,2019.0
104003,2020.0
104002,2020.0
104002,2020.0
104000,2020.0
103957,2020.0
103957,2020.0
103957,2020.0
103956,2020.0
103956,2020.0
103956,2020.0
103956,2020.0
103956,2020.0
103956,2020.0
103956,2020.0
103956,2020.0
103954,2020.0
103954,2020.0
103954,2020.0
103954,2020.0
103953,2019.0
103949,2019.0
103949,2019.0
103949,2019.0
103949,2019.0
103944,2018.0
103944,2018.0
103943,2019.0
103942,2019.0
103942,2019.0
103942,2019.0
103940,2019.0
103940,2019.0
103936,2019.0
103936,2018.0
103936,2018.0
103935,2019.0
103933,2019.0
103930,2019.0
103930,2019.0
103928,2018.0
103927,2019.0
103927,2019.0
103924,2019.0
103924,2019.0
103917,2018.0
103909,2017.0
103909,2017.0
103901,2018.0
103901,2018.0
103901,2018.0
103900,2017.0
103856,2016.0
103856,2017.0
103856,2017.0
103853,2017.0
103845,2017.0
103843,2016.0
103842,2017.0
103832,2017.0
103831,2017.0
103828,2017.0
103820,2016.0
103819,2016.0
103819,2016.0
103819,2016.0
103817,2016.0
103817,2016.0
103817,2016.0
103804,2016.0
103803,2016.0
103803,2016.0
103803,2016.0
103801,2014.0
103801,2016.0
103749,2016.0
103748,2011.0
103746,2011.0
103744,2016.0
103741,2012.0
103741,2013.0
103741,2013.0
103741,2013.0
103741,2014.0
103741,2015.0
103741,2015.0
103741,2015.0
103741,2015.0
103741,2015.0
103741,2015.0
103741,2015.0
103741,2015.0
103741,2015.0
103741,2016.0
103741,2016.0
103740,2011.0
103740,2011.0
103739,2010.0
103738,2011.0
103738,2011.0
103738,2011.0
103738,2011.0
103736,2011.0
103725,2010.0
103725,2010.0
103725,2010.0
103725,2010.0
103725,2010.0
103725,2010.0
103725,2010.0
103725,2010.0
103724,2010.0
103721,2009.0
103719,2009.0
103715,2009.0
103715,2009.0
103715,2009.0
103715,2009.0
103711,2008.0
103708,2008.0
103708,2008.0
103708,2008.0
103708,2008.0
103708,2008.0
103705,2007.0
103705,2007.0
103703,2007.0
103703,2007.0
103703,2007.0
103646,2006.0
103646,2006.0
103641,2006.0
103639,2005.0
103638,2006.0
103638,2005.0
103637,2006.0
103637,2006.0
103637,2006.0
103632,2006.0
103624,2005.0
103624,2005.0
103619,2005.0
103612,2005.0
103610,2005.0
103610,2005.0
103609,2005.0
103607,2005.0
103607,2005.0
103607,2005.0
103601,2005.0
103601,2005.0
103601,2005.0
103601,2005.0
103601,2005.0
103557,2004.0
103557,2004.0
103556,2004.0
103554,2005.0
103553,2005.0
103539,2004.0
103536,2005.0
103532,2005.0
103531,2004.0
103530,2004.0
103529,2004.0
103529,2005.0
103529,2005.0
103528,2004.0
103527,2005.0
103527,2005.0
103527,2005.0
103527,2005.0
103514,2004.0
103514,2004.0
103512,2004.0
103507,2003.0
103506,2003.0
103503,2003.0
103502,2003.0
103501,2003.0
103454,2003.0
103447,2002.0
103447,2001.0
103438,2002.0
103437,2002.0
103432,2002.0
103431,2002.0
103431,2005.0
103429,2002.0
103429,2002.0
103429,2002.0
103419,2001.0
103409,2001.0
103409,2001.0
103409,2001.0
103406,2001.0
103406,2001.0
103353,2001.0
103339,2005.0
103333,2000.0
103333,2000.0
103333,2000.0
103323,2000.0
103323,2000.0
103323,2000.0
103323,2000.0
103323,2000.0
103323,2000.0
103323,2000.0
103314,1998.0
103312,2000.0
103312,2000.0
103310,1998.0
103308,2000.0
103308,2000.0
103308,2000.0
103308,2000.0
103307,2000.0
103306,2000.0
103306,2000.0
103306,2000.0
103306,2000.0
103306,2000.0
103303,1998.0
103301,1998.0
103252,1998.0
103252,1997.0
103247,1998.0
103247,1998.0
103245,1998.0
103243,1997.0
103238,1997.0
103235,1998.0
103235,1998.0
103233,1998.0
103233,1998.0
103232,1997.0
103231,1998.0
103230,1998.0
103228,1997.0
103228,1998.0
103226,1997.0
103217,1997.0
103217,1997.0
103214,1997.0
103214,1997.0
103210,1998.0
103210,1997.0
103154,1997.0
103144,1998.0
103141,1998.0
103133,1998.0
103133,2000.0
103119,1999.0
103119,1999.0
103119,1999.0
103119,2000.0
103119,2000.0
103117,1999.0
103114,1999.0
103044,1996.0
103038,1998.0
103038,1997.0
103038,1996.0
103038,1996.0
103038,1996.0
103036,2000.0
103021,2000.0
103021,2000.0
103021,2000.0
103021,2000.0
103021,2000.0
103021,1999.0
103021,1998.0
103021,1998.0
103021,1998.0
103021,1998.0
103021,1998.0
103021,1998.0
103021,1997.0
103009,1999.0
103009,1999.0
103008,1999.0
103000,1999.0
102959,1998.0
102955,1998.0
102953,1998.0
102953,1998.0
102952,1998.0
102947,1998.0
102943,1997.0
102940,1996.0
102938,1996.0
102937,1998.0
102936,1996.0
102910,1996.0
102910,1996.0
102907,1996.0
102844,1998.0
102844,1998.0
102844,1998.0
102844,1997.0
102844,1996.0
102839,1998.0
102834,1998.0
102833,1998.0
102832,1998.0
102832,1998.0
102823,2000.0
102822,1997.0
102810,1997.0
102810,1997.0
102803,2000.0
102753,2000.0
102753,2000.0
102746,2000.0
102742,2000.0
102740,2000.0
102735,2007.0
102735,2007.0
102735,2007.0
102714,2000.0
102708,2000.0
102708,2000.0
102705,1996.0
102701,2000.0
102701,2000.0
102701,2000.0
102701,2000.0
102701,2000.0
102701,2000.0
102656,1999.0
102656,1999.0
102656,1999.0
102656,1997.0
102656,1997.0
102656,1997.0
102656,1996.0
102656,1996.0
102655,2000.0
102653,2000.0
102646,1999.0
102641,2000.0
102638,2000.0
102638,2000.0
102638,2000.0
102638,2000.0
102636,2000.0
102636,2000.0
102636,2000.0
102636,2000.0
102636,2000.0
102636,2000.0
102636,2000.0
102621,1999.0
102621,1999.0
102603,1999.0
102603,1999.0
102603,2000.0
102557,1997.0
102556,1997.0
102554,2000.0
102544,1999.0
102544,2000.0
102534,1997.0
102518,1997.0
102518,1995.0
102518,1995.0
102518,1995.0
102518,1995.0
102517,1997.0
102510,2000.0
102510,2000.0
102510,2000.0
102510,1997.0
102508,1995.0
102507,1997.0
102459,1995.0
102456,1995.0
102456,1994.0
102450,1993.0
102435,1996.0
102435,1995.0
102435,1993.0
102431,1995.0
102431,1996.0
102427,1995.0
102427,1995.0
102427,1994.0
102427,1993.0
102423,1995.0
102423,1995.0
102418,1995.0
102410,1995.0
102404,1993.0
102404,1993.0
102403,1992.0
102402,1993.0
102400,1992.0
102359,1993.0
102350,1993.0
102337,1993.0
102337,1992.0
102334,1995.0
102316,1992.0
102311,1995.0
102304,1995.0
102301,1995.0
102301,1995.0
102301,1995.0
102247,1996.0
102247,1995.0
102239,1995.0
102236,1995.0
102231,1996.0
102231,1995.0
102224,1996.0
102224,1996.0
102224,1996.0
102224,1996.0
102218,1997.0
102218,1997.0
102218,1997.0
102216,1998.0
102214,1998.0
102213,1998.0
102209,1998.0
102206,1997.0
102204,1998.0
102201,1998.0
102153,1998.0
102151,1998.0
102151,1998.0
102144,1998.0
102133,1998.0
102131,1998.0
102118,2000.0
102113,2000.0
102112,2000.0
102111,1999.0
102111,1999.0
102111,1999.0
102102,2000.0
102102,2000.0
102102,2000.0
102056,2011.0
102056,2011.0
102055,2000.0
102055,2000.0
102052,2011.0
102052,2011.0
102047,2000.0
102047,2000.0
102047,2000.0
102047,2000.0
102030,1999.0
102029,2000.0
102023,2000.0
102023,2004.0
102023,2004.0
102023,2005.0
102023,2005.0
102023,2005.0
102023,2005.0
102023,2006.0
102023,2006.0
102023,2006.0
102023,2010.0
102023,2010.0
102023,2010.0
102023,2010.0
102023,2010.0
102020,2000.0
102020,2000.0
102020,2000.0
102018,2004.0
102018,2000.0
102009,2000.0
102005,2000.0
102003,2000.0
101959,2000.0
101958,2000.0
101958,2000.0
101957,2000.0
101949,2004.0
101949,2000.0
101944,2004.0
101942,2004.0
101942,2004.0
101934,2000.0
101934,2000.0
101933,2000.0
101933,2000.0
101931,2000.0
101928,1996.0
101928,1996.0
101928,1996.0
101928,1991.0
101928,1990.0
101927,1996.0
101923,1996.0
101919,2000.0
101910,1996.0
101907,1996.0
101907,1995.0
101907,1995.0
101907,1995.0
101907,1991.0
101907,1991.0
101907,1991.0
101907,1991.0
101907,1991.0
101907,1991.0
101907,1990.0
101900,2000.0
101858,2000.0
101858,2000.0
101846,2000.0
101842,2006.0
101835,2000.0
101827,2000.0
101827,2000.0
101827,2000.0
101827,2000.0
101825,2009.0
101825,2009.0
101825,2009.0
101817,2007.0
101817,2009.0
101815,2005.0
101815,2005.0
101815,2005.0
101815,2005.0
101815,2005.0
101807,2005.0
101807,2005.0
101806,2007.0
101759,2009.0
101759,2009.0
101756,2007.0
101756,2007.0
101752,2009.0
101748,2010.0
101747,2008.0
101747,2008.0
101747,2008.0
101745,2008.0
101745,2008.0
101744,2009.0
101741,2010.0
101737,2013.0
101737,2013.0
101737,2011.0
101737,2011.0
101737,2011.0
101737,2011.0
101737,2011.0
101737,2011.0
101737,2011.0
101737,2010.0
101737,2010.0
101737,2010.0
101737,2010.0
101737,2010.0
101737,2010.0
101736,2011.0
101730,2012.0
101730,2012.0
101728,2011.0
101728,2011.0
101728,2011.0
101728,2011.0
101728,2011.0
101728,2010.0
101725,2011.0
101714,2010.0
101714,2010.0
101714,2010.0
101714,2010.0
101714,2010.0
101714,2010.0
101714,2010.0
101713,2010.0
101713,2010.0
101713,2010.0
101713,2010.0
101708,2009.0
101707,2009.0
101707,2009.0
101707,2009.0
101700,2007.0
101700,2007.0
101656,2007.0
101655,2007.0
101655,2007.0
101655,2007.0
101651,2005.0
101648,2002.0
101646,2005.0
101646,2005.0
101643,2002.0
101640,2005.0
101638,2002.0
101636,2005.0
101636,2005.0
101636,2005.0
101634,2005.0
101633,2002.0
101633,2002.0
101623,2000.0
101623,2000.0
101623,2000.0
101623,2000.0
101623,2000.0
101621,2000.0
101621,2000.0
101621,2000.0
101619,2000.0
101616,2000.0
101616,2000.0
101611,2000.0
101611,2000.0
101611,2000.0
101609,2000.0
101609,2000.0
101603,2000.0
101603,2000.0
101603,2000.0
101557,2000.0
101556,2000.0
101554,2001.0
101554,2000.0
101553,2001.0
101553,2001.0
101551,2000.0
101551,2000.0
101548,2000.0
101548,2000.0
101548,2000.0
101548,2000.0
101548,2000.0
101548,2000.0
101548,2000.0
101548,2000.0
101548,2000.0
101547,2000.0
101544,2000.0
101543,2000.0
101543,2000.0
101543,2000.0
101543,2000.0
101543,2000.0
101543,2000.0
101543,2000.0
101543,2000.0
101543,2000.0
101543,2000.0
101543,2000.0
101543,2000.0
101543,2000.0
101543,2000.0
101543,2000.0
101543,2000.0
101542,1997.0
101542,2000.0
101542,2000.0
101542,2000.0
101542,2000.0
101542,2000.0
101542,2000.0
101542,2000.0
101542,2000.0
101542,2000.0
101542,2000.0
101539,1995.0
101536,1997.0
101536,1999.0
101536,1999.0
101536,1999.0
101536,1999.0
101536,1999.0
101536,1999.0
101534,1997.0
101531,1995.0
101530,1997.0
101530,1995.0
101528,1997.0
101515,1995.0
101515,1995.0
101515,1989.0
101515,1989.0
101515,1989.0
101515,1989.0
101515,1989.0
101515,1989.0
101515,1989.0
101515,1988.0
101509,1995.0
101506,1995.0
101450,1995.0
101450,1995.0
101450,1995.0
101444,1988.0
101443,1988.0
101443,1988.0
101443,1988.0
101443,1988.0
101427,1988.0
101426,1988.0
101421,1988.0
101420,1987.0
101420,1987.0
101413,1994.0
101413,1989.0
101413,1988.0
101411,1994.0
101406,1989.0
101406,1989.0
101406,1989.0
101406,1994.0
101402,1990.0
101402,1990.0
101401,1994.0
101358,1990.0
101354,1995.0
101354,1995.0
101351,1995.0
101351,1995.0
101350,1994.0
101350,1995.0
101349,1994.0
101349,1994.0
101349,1990.0
101349,1990.0
101349,1990.0
101349,1990.0
101349,1994.0
101349,1994.0
101345,1994.0
101330,1995.0
101328,1995.0
101326,1995.0
101326,1995.0
101326,1995.0
101326,1995.0
101313,1998.0
101309,1998.0
101305,1999.0
101305,1998.0
101305,1998.0
101305,1997.0
101305,1995.0
101301,1999.0
101251,1998.0
101251,1998.0
101248,1998.0
101243,1998.0
101237,1999.0
101236,1999.0
101235,1999.0
101233,1999.0
101233,1999.0
101231,1999.0
101231,1999.0
101210,1993.0
101210,1993.0
101210,1993.0
101210,1993.0
101210,1993.0
101210,1994.0
101210,1994.0
101210,1994.0
101210,1994.0
101210,1995.0
101210,1995.0
101210,1996.0
101210,1996.0
101210,1996.0
101210,1997.0
101210,1997.0
101210,1997.0
101210,1997.0
101210,1999.0
101210,1999.0
101209,1989.0
101209,1989.0
101209,1989.0
101209,1990.0
101209,1990.0
101209,1990.0
101209,1990.0
101209,1990.0
101209,1990.0
101209,1991.0
101209,1992.0
101209,1993.0
101155,1986.0
101151,1986.0
101151,1986.0
101151,1986.0
101151,1986.0
101151,1986.0
101151,1986.0
101151,1986.0
101151,1987.0
101151,1987.0
101151,1987.0
101145,1989.0
101134,1986.0
101134,1986.0
101132,1989.0
101132,1989.0
101132,1987.0
101132,1987.0
101132,1987.0
101132,1987.0
101132,1986.0
101132,1986.0
101132,1986.0
101132,1986.0
101132,1986.0
101132,1986.0
101132,1986.0
101132,1986.0
101117,1989.0
101117,1989.0
101113,1988.0
101113,1987.0
101113,1987.0
101113,1987.0
101106,1986.0
101102,1989.0
101055,1989.0
101055,1988.0
101055,1988.0
101055,1988.0
101055,1988.0
101055,1988.0
101055,1987.0
101055,1986.0
101053,1989.0
101052,1989.0
101047,1989.0
101044,1990.0
101044,1989.0
101043,1989.0
101043,1989.0
101043,1989.0
101037,1990.0
101035,1990.0
101035,1990.0
101035,1989.0
101033,1990.0
101031,1989.0
101031,1990.0
101030,1989.0
101030,1989.0
101030,1989.0
101030,1989.0
101029,1989.0
101029,1989.0
101023,1989.0
101023,1989.0
101019,1990.0
101012,1990.0
101012,1990.0
101012,1990.0
101012,1990.0
101010,1990.0
100958,1990.0
100958,1993.0
100955,1990.0
100945,1990.0
100944,1990.0
100944,1990.0
100944,1990.0
100932,1990.0
100932,1990.0
100931,1990.0
100930,1990.0
100929,1990.0
100929,1990.0
100927,1991.0
100927,1991.0
100927,1991.0
100927,1991.0
100927,1991.0
100925,1990.0
100918,1990.0
100918,1990.0
100911,1990.0
100911,1990.0
100911,1990.0
100911,1990.0
100908,1990.0
100854,1990.0
100854,1990.0
100854,1990.0
100854,1990.0
100853,1990.0
100847,1991.0
100844,1991.0
100844,1991.0
100843,1991.0
100843,1991.0
100841,1991.0
100826,1991.0
100824,1991.0
100822,1991.0
100821,1991.0
100816,1991.0
100810,1991.0
100810,1991.0
100807,1991.0
100806,1991.0
100800,1991.0
100759,1990.0
100759,1991.0
100756,1991.0
100756,1990.0
100755,1991.0
100752,1991.0
100750,1991.0
100750,1991.0
100750,1991.0
100749,1990.0
100749,1990.0
100749,1990.0
100749,1990.0
100749,1989.0
100746,1990.0
100744,1990.0
100741,1991.0
100737,1992.0
100737,1991.0
100728,1992.0
100728,1991.0
100728,1991.0
100728,1991.0
100724,1992.0
100720,1991.0
100717,1991.0
100717,1991.0
100706,1992.0
100706,1991.0
100705,1993.0
100705,1993.0
100657,1991.0
100657,1991.0
100657,1991.0
100657,1991.0
100657,1991.0
100653,1991.0
100652,1991.0
100650,1991.0
100646,1991.0
100644,1993.0
100634,1991.0
100623,1991.0
100623,1993.0
100622,1990.0
100622,1990.0
100620,1991.0
100614,1991.0
100612,1993.0
100612,1993.0
100612,1993.0
100607,1990.0
100607,1990.0
100603,1990.0
100557,1990.0
100557,1990.0
100554,1990.0
100554,1990.0
100548,1990.0
100546,1991.0
100546,1991.0
100546,1992.0
100546,1992.0
100546,1992.0
100546,1992.0
100546,1992.0
100546,1993.0
100546,1993.0
100546,1993.0
100538,1990.0
100537,1990.0
100537,1990.0
100537,1990.0
100537,1990.0
100534,1990.0
100530,1991.0
100520,1991.0
100518,1991.0
100518,1991.0
100518,1991.0
100518,1991.0
100518,1991.0
100516,1991.0
100504,1992.0
100452,1992.0
100446,1991.0
100446,1991.0
100429,1992.0
100429,1991.0
100429,1991.0
100413,1991.0
100412,1992.0
100407,1991.0
100405,1991.0
100405,1991.0
100405,1991.0
100402,1992.0
100352,1991.0
100347,1991.0
100342,1991.0
100342,1991.0
100339,1993.0
100317,1990.0
100317,1990.0
100317,1991.0
100317,1991.0
100317,1991.0
100315,1991.0
100313,1991.0
100311,1990.0
100308,1991.0
100305,1990.0
100259,1990.0
100256,1990.0
100254,1990.0
100251,1990.0
100250,1990.0
100250,1990.0
100250,1990.0
100250,1990.0
100243,1989.0
100239,1990.0
100234,1988.0
100233,1989.0
100233,1989.0
100233,1989.0
100233,1990.0
100233,1990.0
100233,1990.0
100233,1990.0
100233,1990.0
100233,1990.0
100233,1990.0
100233,1990.0
100233,1990.0
100233,1990.0
100233,1990.0
100233,1990.0
100233,1990.0
100233,1990.0
100231,1988.0
100228,1988.0
100225,1988.0
100218,1988.0
100214,1988.0
100151,1989.0
100146,1986.0
100146,1986.0
100146,1986.0
100146,1986.0
100146,1986.0
100146,1986.0
100146,1986.0
100130,1990.0
100130,1987.0
100130,1988.0
100130,1988.0
100130,1988.0
100130,1989.0
100130,1989.0
100130,1989.0
100123,1987.0
100108,1988.0
100105,1987.0
100105,1987.0
100105,1988.0
100105,1988.0
100102,1987.0
100102,1987.0
100102,1987.0
100101,1988.0
100101,1988.0
100055,1988.0
100055,1988.0
100055,1988.0
100055,1988.0
100055,1988.0
100055,1988.0
100055,1988.0
100055,1988.0
100055,1988.0
100054,1989.0
100054,1989.0
100053,1989.0
100041,1988.0
100041,1988.0
100034,1989.0
100034,1989.0
100033,1988.0
100033,1988.0
100033,1988.0
100021,1988.0
100021,1989.0
100018,1988.0
95951,1988.0
95950,1990.0
95948,1988.0
95948,1988.0
95946,1988.0
95946,1988.0
95939,1990.0
95939,1990.0
95931,1989.0
95931,1989.0
95931,1988.0
95931,1988.0
95931,1988.0
95925,1989.0
95917,1989.0
95908,1989.0
95908,1989.0
95852,1989.0
95849,1989.0
95843,1988.0
95839,1988.0
95839,1988.0
95839,1988.0
95839,1988.0
95833,1989.0
95831,1989.0
95831,1989.0
95819,1988.0
95818,1988.0
95818,1988.0
95818,1988.0
95818,1988.0
95818,1988.0
95804,1989.0
95804,1990.0
95804,1990.0
95801,1988.0
95759,1988.0
95745,1988.0
95743,1988.0
95741,1988.0
95735,1989.0
95732,1988.0
95726,1988.0
95724,1989.0
95724,1989.0
95723,1988.0
95723,1988.0
95723,1988.0
95712,1988.0
95706,1988.0
95706,1990.0
95706,1988.0
95703,1988.0
95653,1990.0
95653,1990.0
95650,1988.0
95650,1988.0
95650,1988.0
95650,1988.0
95650,1988.0
95650,1988.0
95649,1988.0
95647,1988.0
95646,1988.0
95640,1990.0
95634,1990.0
95633,1990.0
95633,1990.0
95630,1988.0
95630,1988.0
95626,1990.0
95626,1990.0
95616,1990.0
95610,1988.0
95610,1990.0
95610,1990.0
95610,1990.0
95605,1989.0
95605,1988.0
95602,1989.0
95555,1990.0
95549,1990.0
95549,1990.0
95531,1990.0
95507,1991.0
95506,1990.0
95506,1991.0
95506,1991.0
95504,1988.0
95504,1987.0
95504,1987.0
95504,1987.0
95504,1987.0
95504,1987.0
95504,1990.0
95504,1989.0
95504,1988.0
95504,1988.0
95504,1988.0
95504,1988.0
95455,1990.0
95444,1990.0
95443,1990.0
95439,1988.0
95438,1988.0
95426,1990.0
95426,1990.0
95426,1991.0
95426,1991.0
95423,1990.0
95423,1990.0
95417,1990.0
95417,1990.0
95413,1990.0
95410,1990.0
95409,1990.0
95409,1990.0
95408,1990.0
95408,1990.0
95403,1990.0
95403,1988.0
95402,1990.0
95402,1990.0
95401,1990.0
95401,1990.0
95401,1990.0
95358,1990.0
95357,1988.0
95348,1989.0
95348,1988.0
95346,1989.0
95346,1990.0
95346,1990.0
95346,1990.0
95340,1988.0
95336,1989.0
95336,1988.0
95336,1988.0
95336,1988.0
95336,1988.0
95328,1988.0
95328,1988.0
95328,1988.0
95328,1988.0
95328,1988.0
95327,1989.0
95327,1989.0
95327,1990.0
95327,1990.0
95327,1990.0
95327,1990.0
95324,1988.0
95317,1988.0
95316,1988.0
95314,1988.0
95313,1988.0
95306,1988.0
95259,1988.0
95257,1988.0
95256,1988.0
95252,1989.0
95252,1989.0
95248,1989.0
95248,1990.0
95245,1988.0
95245,1987.0
95245,1987.0
95245,1986.0
95245,1986.0
95245,1986.0
95244,1988.0
95244,1989.0
95243,1987.0
95235,1988.0
95234,1988.0
95234,1988.0
95234,1988.0
95225,1989.0
95225,1989.0
95225,1989.0
95225,1989.0
95225,1989.0
95225,1989.0
95224,1990.0
95221,1989.0
95219,1990.0
95219,1990.0
95215,1990.0
95215,1989.0
95215,1989.0
95206,1989.0
95205,1989.0
95204,1989.0
95204,1989.0
95203,1989.0
95203,1989.0
95201,1989.0
95159,1988.0
95158,1989.0
95132,1989.0
95132,1988.0
95132,1987.0
95130,1989.0
95129,1987.0
95128,1988.0
95128,1988.0
95128,1987.0
95128,1987.0
95128,1987.0
95122,1988.0
95120,1987.0
95118,1988.0
95117,1988.0
95116,1988.0
95116,1988.0
95115,1987.0
95112,1988.0
95112,1988.0
95110,1987.0
95107,1986.0
95106,1987.0
95106,1987.0
95106,1986.0
95103,1987.0
95103,1987.0
95100,1986.0
95058,1987.0
95058,1987.0
95057,1986.0
95056,1987.0
95051,1986.0
95051,1986.0
95051,1985.0
95051,1985.0
95051,1985.0
95051,1985.0
95051,1985.0
95051,1985.0
95051,1986.0
95051,1986.0
95051,1986.0
95051,1986.0
95051,1986.0
95051,1986.0
95046,1987.0
95046,1987.0
95046,1987.0
95046,1987.0
95045,1987.0
95045,1987.0
95044,1987.0
95041,1988.0
95041,1988.0
95036,1988.0
95025,1988.0
95024,1987.0
95024,1987.0
95015,1987.0
95014,1987.0
95011,1987.0
95011,1987.0
95011,1987.0
95006,1987.0
95003,1986.0
95000,1987.0
95000,1987.0
94958,1987.0
94956,1986.0
94952,1987.0
94947,1987.0
94943,1986.0
94939,1986.0
94927,1986.0
94927,1986.0
94914,1986.0
94912,1985.0
94911,1986.0
94911,1986.0
94910,1984.0
94910,1985.0
94909,1984.0
94908,1985.0
94907,1984.0
94907,1984.0
94907,1984.0
94907,1984.0
94907,1984.0
94907,1984.0
94907,1984.0
94907,1984.0
94907,1984.0
94907,1984.0
94907,1984.0
94905,1985.0
94904,1985.0
94904,1985.0
94904,1985.0
94904,1985.0
94858,1985.0
94854,1986.0
94854,1985.0
94854,1985.0
94854,1985.0
94854,1985.0
94854,1985.0
94848,1986.0
94847,1985.0
94847,1985.0
94846,1986.0
94842,1985.0
94842,1985.0
94842,1986.0
94834,1987.0
94831,1986.0
94831,1986.0
94831,1987.0
94831,1987.0
94830,1987.0
94825,1986.0
94825,1985.0
94825,1984.0
94823,1987.0
94821,1987.0
94821,1987.0
94817,1985.0
94817,1984.0
94817,1984.0
94814,1987.0
94814,1987.0
94804,1984.0
94804,1984.0
94803,1987.0
94757,1987.0
94755,1986.0
94755,1984.0
94750,1986.0
94750,1986.0
94743,1984.0
94743,1984.0
94743,1984.0
94743,1984.0
94743,1984.0
94743,1984.0
94743,1984.0
94743,1984.0
94730,1985.0
94730,1986.0
94727,1985.0
94726,1986.0
94726,1986.0
94718,1985.0
94714,1986.0
94707,1986.0
94706,1984.0
94706,1984.0
94704,1986.0
94700,1986.0
94659,1987.0
94655,1986.0
94655,1987.0
94655,1987.0
94655,1987.0
94655,1987.0
94652,1986.0
94650,1986.0
94642,1984.0
94636,1986.0
94635,1986.0
94635,1986.0
94635,1985.0
94635,1985.0
94635,1984.0
94633,1986.0
94629,1988.0
94627,1988.0
94625,1988.0
94618,1986.0
94618,1986.0
94618,1986.0
94618,1986.0
94618,1986.0
94618,1986.0
94618,1986.0
94618,1985.0
94618,1985.0
94618,1985.0
94618,1985.0
94618,1985.0
94618,1985.0
94618,1985.0
94618,1984.0
94618,1984.0
94615,1986.0
94615,1988.0
94613,1988.0
94608,1988.0
94608,1988.0
94558,1988.0
94548,1988.0
94548,1986.0
94548,1986.0
94548,1986.0
94548,1985.0
94548,1985.0
94548,1985.0
94543,1988.0
94543,1987.0
94543,1987.0
94543,1987.0
94543,1987.0
94543,1986.0
94543,1986.0
94542,1989.0
94536,1988.0
94536,1988.0
94536,1988.0
94536,1988.0
94533,1988.0
94533,1987.0
94525,1987.0
94525,1987.0
94524,1987.0
94523,1987.0
94519,1987.0
94515,1987.0
94512,1987.0
94512,1986.0
94510,1987.0
94503,1986.0
94503,1986.0
94502,1986.0
94502,1985.0
94500,1985.0
94500,1985.0
94453,1986.0
94452,1985.0
94451,1985.0
94451,1985.0
94451,1985.0
94451,1984.0
94451,1984.0
94451,1984.0
94451,1983.0
94451,1983.0
94451,1983.0
94451,1983.0
94451,1983.0
94451,1983.0
94448,1985.0
94448,1984.0
94448,1984.0
94448,1984.0
94448,1984.0
94448,1984.0
94448,1984.0
94445,1985.0
94445,1985.0
94445,1985.0
94445,1985.0
94438,1985.0
94438,1985.0
94438,1985.0
94435,1985.0
94435,1985.0
94435,1985.0
94435,1985.0
94435,1985.0
94435,1985.0
94435,1986.0
94435,1985.0
94435,1985.0
94435,1985.0
94434,1986.0
94430,1985.0
94429,1986.0
94423,1986.0
94423,1986.0
94423,1986.0
94423,1986.0
94423,1986.0
94423,1986.0
94423,1986.0
94423,1986.0
94423,1986.0
94419,1987.0
94419,1986.0
94416,1987.0
94416,1987.0
94416,1987.0
94406,1987.0
94406,1987.0
94406,1987.0
94406,1987.0
94406,1986.0
94406,1986.0
94403,1986.0
94403,1986.0
94403,1986.0
94358,1987.0
94358,1987.0
94353,1987.0
94352,1987.0
94350,1988.0
94350,1987.0
94350,1987.0
94350,1987.0
94350,1987.0
94350,1987.0
94350,1987.0
94350,1987.0
94347,1988.0
94347,1988.0
94345,1988.0
94345,1988.0
94341,1988.0
94335,1988.0
94335,1988.0
94332,1988.0
94331,1988.0
94331,1988.0
94331,1988.0
94330,1988.0
94330,1988.0
94330,1988.0
94325,1988.0
94325,1988.0
94325,1988.0
94325,1988.0
94324,1988.0
94322,1988.0
94312,1989.0
94312,1989.0
94312,1989.0
94312,1989.0
94306,1989.0
94301,1990.0
94259,1989.0
94259,1989.0
94259,1989.0
94259,1989.0
94252,1989.0
94250,1990.0
94250,1990.0
94250,1990.0
94250,1990.0
94250,1990.0
94250,1990.0
94250,1990.0
94250,1990.0
94250,1990.0
94250,1990.0
94250,1990.0
94250,1990.0
94250,1989.0
94250,1989.0
94250,1989.0
94249,1991.0
94246,1990.0
94246,1990.0
94246,1990.0
94246,1990.0
94246,1990.0
94243,1990.0
94243,1990.0
94243,1990.0
94243,1990.0
94243,1990.0
94243,1990.0
94243,1990.0
94243,1991.0
94243,1991.0
94238,1992.0
94238,1991.0
94230,1992.0
94229,1992.0
94229,1992.0
94226,1991.0
94225,1991.0
94223,1991.0
94223,1992.0
94223,1990.0
94217,1991.0
94217,1991.0
94217,1991.0
94217,1991.0
94217,1991.0
94217,1991.0
94213,1991.0
94211,1992.0
94211,1991.0
94211,1991.0
94208,1991.0
94208,1992.0
94158,1992.0
94146,1991.0
94143,1992.0
94142,1991.0
94138,1992.0
94133,1992.0
94131,1991.0
94131,1991.0
94131,1991.0
94129,1991.0
94119,1992.0
94118,1992.0
94118,1992.0
94118,1992.0
94115,1992.0
94113,1992.0
94112,1993.0
94112,1993.0
94108,1992.0
94103,1993.0
94058,1993.0
94057,1992.0
94052,1993.0
94052,1993.0
94052,1995.0
94052,1995.0
94039,1992.0
94039,1992.0
94039,1992.0
94038,1993.0
94038,1993.0
94038,1993.0
94038,1992.0
94037,1993.0
94031,1993.0
94031,1993.0
94031,1993.0
94031,1993.0
94031,1992.0
94031,1992.0
94031,1992.0
94031,1992.0
94029,1993.0
94021,1995.0
94021,1995.0
94021,1995.0
94021,1994.0
94021,1994.0
94021,1994.0
94021,1993.0
94021,1993.0
94017,1996.0
94009,1996.0
94009,1996.0
94009,1996.0
94009,1996.0
94007,1996.0
94003,1996.0
94003,1996.0
93959,1996.0
93956,1996.0
93950,1999.0
93939,1996.0
93936,1999.0
93926,1996.0
93923,1998.0
93923,1996.0
93919,1999.0
93915,2000.0
93902,1999.0
93902,1996.0
93858,1999.0
93858,1999.0
93851,1996.0
93850,1994.0
93849,1994.0
93847,1995.0
93847,1995.0
93847,1995.0
93847,1995.0
93847,1994.0
93847,1994.0
93847,1994.0
93847,1994.0
93847,1994.0
93847,1994.0
93847,1994.0
93847,1994.0
93845,1999.0
93841,1995.0
93838,1996.0
93838,1996.0
93838,1995.0
93834,1995.0
93834,1995.0
93822,1996.0
93822,1999.0
93821,1995.0
93812,1995.0
93812,1995.0
93812,1999.0
93811,1996.0
93811,1995.0
93811,1995.0
93810,1996.0
93752,1995.0
93750,1995.0
93749,1995.0
93743,1994.0
93741,1995.0
93740,1995.0
93735,1995.0
93734,1995.0
93734,1995.0
93734,1996.0
93734,1995.0
93734,1995.0
93734,1995.0
93734,1995.0
93725,1995.0
93723,1995.0
93723,1995.0
93722,1995.0
93715,1995.0
93714,1994.0
93707,1994.0
93707,1993.0
93707,1993.0
93707,1993.0
93707,1992.0
93705,1994.0
93705,1994.0
93705,1994.0
93705,1994.0
93705,1994.0
93705,1994.0
93705,1994.0
93701,1994.0
93700,1994.0
93700,1993.0
93659,1994.0
93657,1994.0
93654,1994.0
93653,1993.0
93653,1993.0
93653,1993.0
93653,1993.0
93652,1994.0
93650,1994.0
93650,1993.0
93650,1993.0
93645,1994.0
93640,1994.0
93631,1994.0
93623,1994.0
93623,1994.0
93623,1994.0
93623,1994.0
93622,1994.0
93622,1994.0
93621,1994.0
93617,1994.0
93609,1994.0
93608,1995.0
93608,1994.0
93608,1994.0
93606,1995.0
93606,1994.0
93602,1995.0
93600,1994.0
93557,1995.0
93554,1995.0
93554,1995.0
93553,1995.0
93551,1995.0
93541,1995.0
93541,1995.0
93537,1997.0
93536,1995.0
93536,1995.0
93532,1995.0
93529,1997.0
93529,1996.0
93529,1996.0
93529,1996.0
93529,1995.0
93528,1997.0
93527,1997.0
93527,1997.0
93527,1997.0
93527,1997.0
93523,2000.0
93523,2000.0
93522,2000.0
93520,1997.0
93518,1998.0
93518,2000.0
93517,1997.0
93517,1997.0
93516,1999.0
93516,1999.0
93507,2000.0
93457,1998.0
93453,1997.0
93453,1997.0
93446,1998.0
93446,1998.0
93446,1998.0
93445,1998.0
93441,1999.0
93441,1999.0
93439,2000.0
93435,2000.0
93435,2000.0
93435,2000.0
93435,2000.0
93435,2000.0
93435,2000.0
93435,2000.0
93435,2000.0
93435,2000.0
93435,2000.0
93435,2000.0
93435,2000.0
93435,2000.0
93435,2000.0
93434,2000.0
93433,2000.0
93433,2000.0
93433,2000.0
93432,2001.0
93432,2001.0
93432,2001.0
93432,2001.0
93432,2002.0
93432,2004.0
93432,2005.0
93430,2001.0
93428,2004.0
93428,2002.0
93425,2004.0
93425,2004.0
93425,2004.0
93425,2004.0
93425,2004.0
93420,2005.0
93420,2005.0
93420,2005.0
93420,2005.0
93420,2005.0
93420,2005.0
93420,2005.0
93420,2005.0
93420,2005.0
93420,2005.0
93420,2005.0
93420,2005.0
93419,2005.0
93414,2005.0
93414,2005.0
93411,2005.0
93410,2005.0
93402,2005.0
93401,2005.0
93359,2005.0
93358,2006.0
93358,2005.0
93357,2007.0
93357,2010.0
93356,2009.0
93356,2009.0
93353,2010.0
93352,2010.0
93350,2010.0
93349,2007.0
93349,2010.0
93346,2010.0
93346,2010.0
93346,2008.0
93346,2008.0
93346,2007.0
93346,2007.0
93346,2006.0
93346,2006.0
93346,2006.0
93345,2010.0
93344,2008.0
93344,2010.0
93344,2010.0
93344,2010.0
93344,2010.0
93343,2010.0
93343,2008.0
93342,2009.0
93341,2010.0
93328,2010.0
93327,2012.0
93327,2012.0
93325,2010.0
93325,2010.0
93325,2010.0
93321,2010.0
93319,2010.0
93319,2010.0
93319,2010.0
93313,2012.0
93309,2012.0
93309,2012.0
93309,2012.0
93309,2012.0
93307,2013.0
93304,2013.0
93304,2013.0
93302,2013.0
93302,2013.0
93300,2013.0
93259,2013.0
93259,2013.0
93259,2013.0
93256,2013.0
93250,2013.0
93250,2013.0
93215,2012.0
93213,2016.0
93213,2014.0
93213,2015.0
93213,2015.0
93213,2015.0
93213,2015.0
93211,2014.0
93209,2014.0
93204,2014.0
93203,2014.0
93201,2015.0
93201,2015.0
93200,2014.0
93156,2014.0
93154,2014.0
93153,2014.0
93153,2014.0
93153,2014.0
93151,2015.0
93151,2015.0
93140,2014.0
93134,2016.0
93133,2015.0
93133,2013.0
93133,2013.0
93131,2015.0
93131,2015.0
93131,2015.0
93131,2015.0
93128,2013.0
93126,2014.0
93126,2014.0
93126,2014.0
93126,2014.0
93123,2013.0
93122,2014.0
93122,2014.0
93122,2014.0
93122,2014.0
93118,2013.0
93112,2013.0
93112,2013.0
93111,2012.0
93109,2012.0
93058,2011.0
93058,2012.0
93058,2012.0
93050,2010.0
93049,2010.0
93048,2010.0
93038,2010.0
93038,2010.0
93037,2010.0
93037,2010.0
93037,2010.0
93037,2010.0
93035,2009.0
93033,2009.0
93033,2009.0
93029,2009.0
93029,2009.0
93028,2010.0
93028,2010.0
93026,2010.0
93026,2010.0
93009,2009.0
93008,2009.0
93008,2009.0
93008,2009.0
93008,2009.0
93008,2009.0
93007,2010.0
93003,2010.0
93002,2010.0
92957,2010.0
92957,2010.0
92955,2010.0
92955,2010.0
92954,2012.0
92953,2010.0
92953,2010.0
92943,2010.0
92943,2009.0
92943,2009.0
92943,2009.0
92940,2010.0
92940,2010.0
92934,2009.0
92933,2009.0
92932,2010.0
92923,2010.0
92919,2010.0
92905,2010.0
92857,2010.0
92841,2010.0
92841,2010.0
92841,2010.0
92841,2015.0
92841,2015.0
92841,2016.0
92841,2017.0
92841,2017.0
92825,2010.0
92825,2007.0
92825,2006.0
92825,2006.0
92825,2005.0
92825,2005.0
92821,2010.0
92821,2010.0
92821,2010.0
92821,2010.0
92818,2010.0
92812,2005.0
92810,2005.0
92807,2005.0
92807,2005.0
92805,2009.0
92805,2010.0
92805,2010.0
92805,2010.0
92804,2009.0
92801,2009.0
92800,2010.0
92759,2009.0
92755,2005.0
92752,2009.0
92752,2009.0
92752,2009.0
92752,2009.0
92752,2010.0
92749,2009.0
92746,2005.0
92742,2005.0
92738,2007.0
92738,2009.0
92737,2006.0
92737,2005.0
92737,2005.0
92737,2009.0
92737,2007.0
92737,2007.0
92734,2009.0
92734,2007.0
92734,2007.0
92734,2007.0
92730,2009.0
92729,2009.0
92728,2009.0
92727,2009.0
92727,2009.0
92727,2009.0
92727,2009.0
92725,2010.0
92725,2009.0
92725,2010.0
92719,2009.0
92719,2009.0
92718,2010.0
92718,2010.0
92711,2009.0
92711,2009.0
92711,2009.0
92711,2009.0
92709,2010.0
92709,2010.0
92704,2010.0
92704,2016.0
92704,2016.0
92704,2016.0
92703,2010.0
92703,2009.0
92702,2010.0
92702,2010.0
92657,2010.0
92654,2010.0
92654,2010.0
92652,2010.0
92652,2010.0
92650,2009.0
92643,2009.0
92643,2009.0
92641,2007.0
92639,2007.0
92639,2007.0
92639,2007.0
92635,2007.0
92631,2005.0
92630,2009.0
92630,2007.0
92630,2005.0
92630,2005.0
92630,2005.0
92628,2007.0
92621,2005.0
92618,2004.0
92615,2007.0
92614,2005.0
92613,2007.0
92613,2005.0
92613,2005.0
92613,2005.0
92612,2007.0
92608,2007.0
92608,2007.0
92607,2005.0
92606,2005.0
92605,2007.0
92603,2005.0
92601,2007.0
92557,2007.0
92557,2007.0
92557,2007.0
92554,2009.0
92554,2009.0
92554,2008.0
92554,2008.0
92554,2008.0
92554,2010.0
92547,2010.0
92546,2010.0
92543,2010.0
92541,2010.0
92541,2010.0
92538,2010.0
92535,2018.0
92529,2019.0
92527,2019.0
92527,2019.0
92527,2019.0
92525,2019.0
92521,2019.0
92518,2015.0
92518,2015.0
92518,2015.0
92518,2011.0
92518,2011.0
92518,2010.0
92518,2019.0
92516,2019.0
92516,2020.0
92515,2019.0
92515,2019.0
92515,2019.0
92513,2020.0
92513,2020.0
92512,2020.0
92509,2019.0
92505,2019.0
92503,2017.0
92503,2015.0
92503,2015.0
92503,2019.0
92459,2019.0
92459,2019.0
92455,2023.0
92455,2023.0
92455,2019.0
92455,2019.0
92453,2023.0
92449,2020.0
92449,2020.0
92449,2020.0
92449,2020.0
92449,2020.0
92449,2020.0
92449,2020.0
92449,2019.0
92447,2019.0
92446,2019.0
92442,2019.0
92442,2019.0
92437,2019.0
92437,2015.0
92437,2015.0
92437,2019.0
92437,2019.0
92431,2013.0
92427,2010.0
92426,2010.0
92426,2010.0
92426,2010.0
92426,2010.0
92426,2010.0
92422,2009.0
92422,2009.0
92418,2008.0
92416,2008.0
92416,2008.0
92416,2008.0
92411,2007.0
92410,2007.0
92410,2007.0
92410,2007.0
92410,2007.0
92404,2006.0
92404,2006.0
92404,2006.0
92403,2006.0
92355,2005.0
92354,2005.0
92351,2004.0
92349,2005.0
92349,2004.0
92348,2005.0
92348,2004.0
92343,2005.0
92338,2005.0
92338,2005.0
92338,2005.0
92338,2005.0
92335,2004.0
92334,2004.0
92332,2004.0
92332,2004.0
92331,2004.0
92330,2004.0
92330,2004.0
92330,2004.0
92329,2004.0
92327,2001.0
92327,2001.0
92327,2001.0
92327,2001.0
92325,2004.0
92324,2004.0
92319,2004.0
92317,2004.0
92313,2004.0
92313,2004.0
92306,2000.0
92306,2000.0
92306,2000.0
92304,2000.0
92304,2000.0
92304,2000.0
92304,2000.0
92304,2000.0
92304,2000.0
92304,2000.0
92304,2000.0
92303,2000.0
92303,2000.0
92303,2000.0
92303,2000.0
92303,2000.0
92303,2000.0
92303,2000.0
92303,2000.0
92303,2000.0
92303,2000.0
92302,2000.0
92301,2000.0
92256,1999.0
92255,1999.0
92252,1999.0
92251,1999.0
92248,1999.0
92248,1999.0
92248,1999.0
92244,1999.0
92244,1999.0
92244,1999.0
92244,1999.0
92243,1999.0
92238,2000.0
92236,2000.0
92235,2000.0
92230,2000.0
92230,2000.0
92230,2000.0
92230,2000.0
92229,1999.0
92224,1999.0
92223,2000.0
92223,2000.0
92223,2000.0
92223,2000.0
92223,2000.0
92223,2000.0
92223,2000.0
92223,2000.0
92219,1999.0
92216,1999.0
92216,1999.0
92216,1999.0
92214,1999.0
92214,1999.0
92211,1999.0
92208,1997.0
92207,1999.0
92207,1999.0
92205,1999.0
92205,1999.0
92204,1997.0
92204,1997.0
92204,1998.0
92204,1998.0
92204,1998.0
92204,1998.0
92204,1999.0
92159,1995.0
92143,1995.0
92143,1995.0
92143,1995.0
92134,1995.0
92131,1993.0
92124,1992.0
92117,1995.0
92114,1995.0
92110,1997.0
92105,1995.0
92103,1994.0
92103,1994.0
92103,1995.0
92058,1994.0
92058,1992.0
92054,1992.0
92053,1992.0
92051,1992.0
92048,1992.0
92043,1992.0
92043,1992.0
92043,1992.0
92042,1992.0
92042,1992.0
92042,1992.0
92030,1990.0
92030,1990.0
92030,1990.0
92030,1990.0
92030,1990.0
92026,1990.0
92013,1989.0
92013,1989.0
92013,1989.0
92007,1989.0
92005,1987.0
92003,1986.0
92003,1986.0
92003,1986.0
92003,1987.0
91959,1988.0
91958,1987.0
91953,1987.0
91953,1987.0
91953,1988.0
91953,1988.0
91953,1988.0
91953,1988.0
91953,1988.0
91953,1988.0
91953,1989.0
91950,1987.0
91950,1987.0
91950,1987.0
91945,1987.0
91938,1987.0
91938,1987.0
91938,1987.0
91938,1987.0
91933,1987.0
91926,1984.0
91926,1985.0
91925,1984.0
91923,1985.0
91923,1985.0
91921,1984.0
91920,1985.0
91916,1983.0
91916,1984.0
91912,1983.0
91912,1983.0
91912,1983.0
91912,1983.0
91912,1983.0
91912,1983.0
91908,1984.0
91908,1984.0
91908,1985.0
91906,1983.0
91905,1983.0
91904,1984.0
91904,1984.0
91904,1984.0
91903,1984.0
91901,1984.0
91901,1984.0
91900,1983.0
91852,1985.0
91852,1984.0
91852,1984.0
91850,1984.0
91850,1983.0
91850,1983.0
91849,1985.0
91846,1986.0
91846,1986.0
91846,1986.0
91846,1985.0
91841,1987.0
91841,1987.0
91839,1988.0
91836,1988.0
91836,1988.0
91830,1988.0
91825,1988.0
91825,1988.0
91825,1988.0
91825,1988.0
91825,1988.0
91825,1988.0
91825,1988.0
91824,1988.0
91815,1989.0
91815,1989.0
91814,1989.0
91814,1989.0
91808,1990.0
91803,1990.0
91800,1992.0
91800,1992.0
91800,1991.0
91800,1991.0
91800,1991.0
91800,1991.0
91800,1991.0
91800,1990.0
91800,1990.0
91800,1990.0
91750,1994.0
91742,1992.0
91738,1994.0
91737,1994.0
91737,1998.0
91735,1992.0
91735,1990.0
91735,1990.0
91735,1990.0
91732,1991.0
91732,1991.0
91731,1991.0
91730,1991.0
91729,1998.0
91723,1994.0
91723,1991.0
91719,1992.0
91719,1992.0
91719,1991.0
91719,1991.0
91719,1990.0
91719,1990.0
91719,1990.0
91719,1990.0
91719,1990.0
91719,1990.0
91719,1990.0
91719,1990.0
91718,1991.0
91715,1990.0
91714,1990.0
91714,1990.0
91714,1990.0
91714,1990.0
91712,1990.0
91711,1992.0
91711,1998.0
91709,1992.0
91709,1992.0
91709,1991.0
91709,1990.0
91709,1990.0
91704,1998.0
91704,1991.0
91703,1992.0
91703,1994.0
91703,1994.0
91703,1994.0
91703,1994.0
91703,1995.0
91703,1995.0
91703,1995.0
91703,1998.0
91703,1998.0
91658,1991.0
91658,1992.0
91656,1992.0
91656,1991.0
91656,1991.0
91655,1992.0
91649,1991.0
91640,1994.0
91639,1994.0
91638,1994.0
91637,1994.0
91637,1994.0
91636,1995.0
91635,1994.0
91635,1995.0
91628,1994.0
91623,1992.0
91623,1993.0
91623,1994.0
91622,1992.0
91622,1992.0
91621,1991.0
91617,1991.0
91617,1991.0
91559,1990.0
91559,1990.0
91559,1990.0
91559,1990.0
91558,1993.0
91556,1993.0
91552,1992.0
91552,1992.0
91552,1991.0
91552,1990.0
91552,1990.0
91552,1990.0
91552,1990.0
91544,1994.0
91544,1994.0
91540,1992.0
91539,1992.0
91529,1990.0
91525,1990.0
91525,1990.0
91519,1990.0
91518,1994.0
91509,1993.0
91509,1993.0
91509,1992.0
91509,1992.0
91509,1992.0
91509,1990.0
91505,1993.0
91505,1993.0
91503,1993.0
91501,1992.0
91456,1994.0
91454,1992.0
91453,1994.0
91450,1994.0
91438,1990.0
91438,1990.0
91438,1989.0
91438,1989.0
91438,1989.0
91438,1989.0
91438,1990.0
91436,1989.0
91435,1990.0
91435,1990.0
91434,1989.0
91434,1989.0
91429,1990.0
91426,1990.0
91426,1990.0
91426,1990.0
91420,1990.0
91420,1990.0
91416,1990.0
91415,1990.0
91414,1990.0
91414,1990.0
91414,1990.0
91413,1990.0
91410,1990.0
91409,1990.0
91409,1990.0
91409,1990.0
91409,1990.0
91409,1990.0
91407,1990.0
91407,1990.0
91407,1990.0
91406,1990.0
91404,1989.0
91358,1989.0
91358,1989.0
91358,1989.0
91357,1990.0
91355,1989.0
91355,1990.0
91354,1990.0
91354,1990.0
91343,1989.0
91341,1989.0
91341,1989.0
91338,1988.0
91331,1989.0
91329,1990.0
91328,1989.0
91327,1988.0
91326,1989.0
91326,1989.0
91326,1989.0
91326,1989.0
91320,1989.0
91320,1990.0
91317,1990.0
91313,1989.0
91313,1989.0
91311,1988.0
91311,1987.0
91310,1988.0
91309,1988.0
91306,1987.0
91306,1987.0
91306,1987.0
91304,1987.0
91301,1987.0
91301,1987.0
91300,1987.0
91259,1986.0
91256,1987.0
91256,1987.0
91254,1986.0
91252,1987.0
91252,1987.0
91243,1986.0
91243,1986.0
91239,1982.0
91232,1982.0
91228,1982.0
91228,1982.0
91228,1982.0
91228,1982.0
91227,1982.0
91224,1982.0
91224,1981.0
91221,1982.0
91220,1982.0
91214,1982.0
91213,1986.0
91213,1982.0
91208,1986.0
91208,1986.0
91208,1983.0
91208,1983.0
91208,1983.0
91208,1982.0
91208,1982.0
91208,1982.0
91206,1987.0
91206,1987.0
91205,1987.0
91149,1989.0
91147,1987.0
91145,1987.0
91140,1986.0
91140,1990.0
91137,1981.0
91137,1981.0
91136,1985.0
91136,1981.0
91133,1987.0
91133,1981.0
91133,1981.0
91133,1980.0
91127,1986.0
91127,1990.0
91124,1981.0
91124,1981.0
91124,1981.0
91124,1981.0
91124,1981.0
91124,1981.0
91124,1981.0
91124,1980.0
91124,1980.0
91124,1980.0
91124,1980.0
91124,1980.0
91124,1980.0
91124,1980.0
91124,1986.0
91124,1986.0
91124,1983.0
91124,1982.0
91124,1982.0
91124,1982.0
91124,1982.0
91124,1982.0
91124,1981.0
91121,1986.0
91121,1986.0
91121,1986.0
91121,1986.0
91121,1985.0
91121,1985.0
91121,1985.0
91121,1985.0
91121,1985.0
91121,1985.0
91121,1985.0
91121,1984.0
91121,1984.0
91121,1984.0
91121,1984.0
91121,1984.0
91121,1984.0
91121,1983.0
91121,1982.0
91121,1982.0
91119,1986.0
91116,1986.0
91116,1986.0
91110,1986.0
91109,1986.0
91108,1986.0
91108,1986.0
91100,1986.0
91059,1985.0
91058,1986.0
91057,1986.0
91055,1986.0
91055,1986.0
91054,1990.0
91054,1990.0
91054,1990.0
91054,1990.0
91054,1986.0
91054,1986.0
91054,1986.0
91054,1986.0
91054,1986.0
91054,1986.0
91054,1986.0
91054,1986.0
91052,1991.0
91051,1990.0
91050,1990.0
91048,1990.0
91045,1990.0
91044,1991.0
91041,1990.0
91034,1986.0
91033,1990.0
91031,1990.0
91026,1991.0
91025,1991.0
91022,1993.0
91022,1994.0
91011,1995.0
91010,1990.0
91010,1995.0
91009,1990.0
91006,1994.0
91006,1990.0
91006,1990.0
91006,1990.0
91006,1990.0
91006,1990.0
91006,1989.0
91006,1989.0
91006,1989.0
91006,1989.0
91006,1989.0
91006,1989.0
91006,1989.0
91006,1988.0
91006,1988.0
91006,1988.0
91006,1988.0
91006,1988.0
91006,1988.0
91006,1988.0
91006,1988.0
91006,1988.0
91006,1987.0
91006,1987.0
91006,1987.0
91006,1987.0
91006,1987.0
91006,1987.0
91006,1987.0
91006,1986.0
91006,1985.0
91004,1993.0
91004,1993.0
91004,1993.0
91003,1990.0
91003,1992.0
91003,1992.0
91003,1992.0
91003,1992.0
91003,1991.0
91003,1991.0
91003,1991.0
91003,1991.0
91003,1991.0
91003,1991.0
91003,1990.0
91003,1990.0
91003,1990.0
90958,1993.0
90957,1993.0
90954,1993.0
90951,1993.0
90951,1993.0
90951,1993.0
90950,1993.0
90946,1993.0
90944,1993.0
90936,1993.0
90936,1993.0
90934,1996.0
90934,1996.0
90934,1996.0
90934,1996.0
90932,1993.0
90929,1995.0
90929,1996.0
90929,1996.0
90927,1993.0
90924,1993.0
90924,1993.0
90921,1995.0
90921,1995.0
90921,1993.0
90918,1996.0
90917,1999.0
90917,1996.0
90915,1996.0
90913,1998.0
90913,1999.0
90912,1999.0
90910,1996.0
90910,1996.0
90907,1999.0
90905,1999.0
90903,1999.0
90857,1998.0
90857,1998.0
90857,1998.0
90857,1999.0
90853,1998.0
90849,1999.0
90848,1999.0
90847,1999.0
90844,1999.0
90844,1999.0
90838,2000.0
90834,1998.0
90834,1998.0
90834,1998.0
90834,1998.0
90829,1998.0
90828,1999.0
90828,1999.0
90828,1999.0
90828,1999.0
90827,1998.0
90826,1998.0
90825,1998.0
90825,1998.0
90823,1998.0
90823,1999.0
90822,1998.0
90821,1999.0
90820,1998.0
90818,1998.0
90817,1998.0
90817,1998.0
90817,1998.0
90814,1998.0
90814,1998.0
90809,1999.0
90806,1999.0
90805,1999.0
90804,1999.0
90804,1999.0
90804,1999.0
90804,1999.0
90804,1999.0
90803,1999.0
90801,2000.0
90801,1999.0
90759,2000.0
90759,2000.0
90758,1999.0
90750,2000.0
90749,2000.0
90749,2000.0
90749,2000.0
90749,2005.0
90749,2000.0
90749,2000.0
90749,2000.0
90749,2000.0
90749,2000.0
90747,2005.0
90745,2006.0
90745,2000.0
90745,2000.0
90745,2000.0
90745,2000.0
90744,2005.0
90744,2006.0
90744,2006.0
90742,2000.0
90742,2005.0
90742,2005.0
90742,2005.0
90740,2005.0
90735,2000.0
90735,2000.0
90735,2000.0
90735,2000.0
90735,2000.0
90733,2000.0
90733,2000.0
90733,2000.0
90733,2000.0
90733,2000.0
90733,2000.0
90731,2000.0
90731,1999.0
90725,2000.0
90725,2000.0
90725,2000.0
90725,2000.0
90725,2000.0
90725,2000.0
90725,2000.0
90725,2000.0
90723,1999.0
90721,1999.0
90721,2000.0
90721,2000.0
90719,2000.0
90719,1999.0
90719,1999.0
90719,1999.0
90716,2000.0
90711,1999.0
90709,1999.0
90705,1998.0
90702,1991.0
90654,1991.0
90647,1999.0
90647,2000.0
90645,1999.0
90640,1989.0
90640,1991.0
90640,1995.0
90640,1999.0
90639,1991.0
90637,1991.0
90634,1991.0
90634,1991.0
90633,1991.0
90630,1991.0
90629,1990.0
90629,1990.0
90629,1990.0
90629,1991.0
90626,1990.0
90626,1990.0
90626,1990.0
90626,1990.0
90626,1990.0
90626,1990.0
90626,1990.0
90626,1990.0
90626,1990.0
90626,1990.0
90626,1990.0
90626,1990.0
90626,1990.0
90622,1991.0
90622,1990.0
90622,1990.0
90622,1991.0
90619,1991.0
90617,1992.0
90617,1991.0
90617,1991.0
90617,1991.0
90615,1992.0
90609,1991.0
90609,1992.0
90609,1994.0
90609,1995.0
90609,1995.0
90609,1995.0
90609,1995.0
90609,1998.0
90609,1999.0
90609,1999.0
90609,2000.0
90606,1990.0
90605,1990.0
90605,1990.0
90605,1990.0
90605,1990.0
90604,1991.0
90604,1991.0
90604,1991.0
90600,1992.0
90600,1993.0
90600,1994.0
90600,1992.0
90558,1992.0
90556,1992.0
90555,1992.0
90555,1992.0
90551,1992.0
90550,1992.0
90549,1992.0
90547,1990.0
90547,1990.0
90546,1991.0
90546,1992.0
90545,1991.0
90541,1991.0
90539,1991.0
90539,1990.0
90535,1992.0
90534,1992.0
90533,1990.0
90526,1990.0
90520,1989.0
90520,1989.0
90520,1990.0
90520,1990.0
90520,1990.0
90520,1990.0
90520,1990.0
90520,1990.0
90519,1988.0
90519,1988.0
90519,1988.0
90519,1989.0
90516,1989.0
90515,1989.0
90515,1989.0
90515,1989.0
90512,1988.0
90507,1988.0
90507,1988.0
90506,1987.0
90506,1987.0
90506,1988.0
90504,1988.0
90503,1988.0
90503,1988.0
90458,1987.0
90457,1988.0
90457,1987.0
90456,1987.0
90455,1987.0
90454,1987.0
90453,1987.0
90451,1987.0
90450,1987.0
90442,1987.0
90442,1984.0
90441,1984.0
90441,1987.0
90440,1985.0
90440,1987.0
90440,1985.0
90440,1984.0
90438,1984.0
90438,1984.0
90438,1985.0
90438,1985.0
90436,1985.0
90434,1985.0
90434,1985.0
90434,1985.0
90428,1987.0
90428,1987.0
90428,1987.0
90428,1988.0
90426,1987.0
90426,1987.0
90424,1988.0
90420,1988.0
90416,1988.0
90416,1988.0
90409,1990.0
90409,1989.0
90409,1989.0
90407,1989.0
90406,1989.0
90400,1990.0
90354,1989.0
90353,1989.0
90352,1990.0
90349,1990.0
90344,1990.0
90342,1990.0
90342,1990.0
90342,1987.0
90341,1990.0
90341,1995.0
90340,1990.0
90339,1990.0
90337,1990.0
90337,1990.0
90336,1990.0
90335,1990.0
90335,1990.0
90335,1990.0
90335,1990.0
90335,1990.0
90333,1994.0
90333,1992.0
90333,1990.0
90332,1993.0
90330,1993.0
90330,1991.0
90330,1991.0
90330,1991.0
90330,1991.0
90330,1990.0
90329,1993.0
90329,1992.0
90329,1992.0
90329,1991.0
90329,1991.0
90329,1991.0
90327,1993.0
90326,1995.0
90325,1995.0
90319,1993.0
90319,1993.0
90315,1995.0
90315,1995.0
90311,1999.0
90311,1999.0
90310,1999.0
90309,1999.0
90309,1999.0
90306,2000.0
90305,1999.0
90258,1999.0
90257,2000.0
90251,2000.0
90251,2000.0
90250,2000.0
90250,2000.0
90250,2000.0
90250,2000.0
90243,1993.0
90243,1992.0
90243,2000.0
90241,2000.0
90238,2000.0
90236,2000.0
90236,2000.0
90234,1992.0
90230,2000.0
90223,2000.0
90223,1991.0
90223,1991.0
90223,2000.0
90223,2000.0
90218,1991.0
90217,1990.0
90212,1990.0
90212,1990.0
90212,1990.0
90211,1987.0
90211,1987.0
90211,1990.0
90211,1990.0
90211,1990.0
90210,1990.0
90207,1990.0
90207,1987.0
90207,1984.0
90203,1987.0
90203,1984.0
90159,1983.0
90159,1984.0
90159,1987.0
90159,1987.0
90158,1984.0
90158,1984.0
90154,1987.0
90150,1984.0
90150,1980.0
90148,1984.0
90148,1984.0
90148,1984.0
90148,1987.0
90148,1987.0
90147,1984.0
90145,1980.0
90143,1980.0
90143,1980.0
90143,1980.0
90143,1980.0
90142,1980.0
90139,1980.0
90139,1980.0
90138,1979.0
90137,1980.0
90137,1979.0
90137,1979.0
90137,1979.0
90136,1980.0
90132,1984.0
90132,1980.0
90132,1980.0
90132,1980.0
90132,1980.0
90132,1980.0
90132,1980.0
90132,1980.0
90132,1980.0
90132,1980.0
90132,1979.0
90130,1984.0
90129,1984.0
90128,1984.0
90128,1984.0
90128,1984.0
90125,1985.0
90125,1984.0
90125,1984.0
90125,1984.0
90125,1984.0
90125,1984.0
90125,1984.0
90125,1984.0
90125,1984.0
90125,1984.0
90125,1984.0
90125,1984.0
90125,1984.0
90125,1984.0
90125,1984.0
90125,1984.0
90125,1984.0
90124,1985.0
90124,1985.0
90124,1985.0
90124,1985.0
90123,1984.0
90122,1985.0
90118,1984.0
90118,1984.0
90118,1984.0
90118,1984.0
90117,1984.0
90117,1984.0
90117,1984.0
90117,1985.0
90113,1985.0
90113,1985.0
90112,1985.0
90111,1985.0
90111,1985.0
90111,1985.0
90109,1985.0
90109,1985.0
90109,1985.0
90109,1985.0
90109,1985.0
90107,1985.0
90107,1985.0
90102,1987.0
90102,1985.0
90102,1990.0
90057,1990.0
90056,1990.0
90056,1990.0
90056,1990.0
90054,1990.0
90052,1991.0
90052,1990.0
90052,1990.0
90052,1990.0
90052,1990.0
90052,1990.0
90052,1990.0
90051,1990.0
90049,1999.0
90047,1991.0
90047,1991.0
90047,1990.0
90044,1991.0
90043,1991.0
90040,1991.0
90039,1999.0
90037,1991.0
90035,1999.0
90031,1999.0
90027,1990.0
90021,1990.0
90021,1990.0
90021,1990.0
90021,1990.0
90021,1990.0
90021,1990.0
90021,1990.0
90021,1990.0
90021,1990.0
90021,1990.0
90021,1990.0
90021,1990.0
90021,1990.0
90021,1990.0
90021,1990.0
90021,1990.0
90021,1990.0
90021,1990.0
90021,1990.0
90021,1990.0
90021,1990.0
90021,1990.0
90021,1990.0
90021,1990.0
90021,1990.0
90021,1990.0
